id,firstName,lastName,age,weight,gender,smoker
1,Peter,Fleming,14,219.9,M,False
2,Kevin,Hebert,51,81.2,F,False
3,Jason,Fischer,57,221.1,F,False
4,Harold,Fowler,28,100.0,F,False
5,Ryan,Garza,74,190.6,M,False
6,Anthony,Ellis,7,97.1,M,True
7,Scott,Bauer,107,219.4,F,False
8,John,Curry,98,239.3,M,False
9,Brandon,Orozco,31,211.6,M,False
10,Andrew,Haley,106,218.3,F,False
11,Alan,Saunders,50,101.2,M,False
12,Justin,Mcmillan,71,180.0,F,False
13,Larry,Ayala,59,101.5,F,False
14,Joe,Hogan,39,83.0,F,False
15,Austin,Grimes,15,83.9,F,False
16,Nicholas,Morrow,22,113.6,M,False
17,Randy,Mcintyre,107,229.4,F,True
18,Adam,Yoder,13,112.6,F,False
19,Douglas,Gillespie,10,85.9,M,False
20,Gregory,Gonzalez,33,224.0,M,False
21,Ralph,Enriquez,60,146.0,M,False
22,Richard,Ortiz,63,262.3,F,False
23,Scott,Estes,43,170.7,M,True
24,Patrick,Whitaker,16,262.3,M,False
25,Richard,Nichols,103,180.4,M,True
26,Gabriel,Gonzales,76,206.7,F,False
27,Robert,Benitez,10,113.7,F,True
28,Nathan,Simmons,51,131.4,F,False
29,Logan,Marquez,79,88.8,F,False
30,Christopher,Perry,35,224.5,M,False
31,Brian,Stuart,54,134.9,F,True
32,David,Chandler,82,197.0,F,True
33,Harold,Archer,25,201.5,F,False
34,Jonathan,Stephenson,60,93.8,M,False
35,Thomas,Gregory,5,179.2,M,False
36,Jesse,Conrad,78,127.1,M,False
37,Anthony,Holland,81,262.0,M,False
38,Frank,Rivers,85,203.1,F,False
39,Larry,Daugherty,56,271.0,F,True
40,Aaron,Hayden,17,144.7,M,False
41,Anthony,Ayers,19,128.2,F,True
42,Daniel,Cunningham,93,189.1,M,False
43,Jordan,Mccarty,25,218.8,M,False
44,William,Frederick,13,160.7,F,False
45,Austin,Barrera,4,101.4,M,False
46,Mason,Fuentes,66,144.2,M,False
47,Ralph,Rowe,68,178.0,F,True
48,Jonathan,Mcintyre,68,219.1,F,True
49,Steven,Mcfarland,17,224.1,M,False
50,Austin,Berg,23,200.1,F,True
51,Gerald,Jefferson,87,105.3,M,False
52,Bryan,Hampton,66,235.3,M,False
53,Kyle,Booker,52,139.4,F,False
54,Daniel,Lugo,13,131.9,F,False
55,Lawrence,Cain,38,129.1,F,False
56,Thomas,Gutierrez,28,100.5,F,False
57,Ralph,Berger,34,101.2,F,True
58,Kyle,Roberts,21,80.9,M,False
59,Jeremy,Hickman,19,139.8,F,True
60,Mark,Byrd,85,169.5,F,True
61,Steven,Nielsen,65,156.8,F,False
62,Scott,Russo,56,130.0,M,False
63,Mason,Larsen,55,233.2,M,False
64,Sean,Beltran,78,213.8,F,False
65,Kyle,Burton,57,255.7,F,False
66,Gary,Crane,31,243.6,F,True
67,Benjamin,Terry,26,231.2,M,False
68,Ronald,Guevara,60,145.1,M,False
69,Timothy,Wong,11,96.9,F,True
70,Philip,Mathis,65,175.2,M,False
71,Harold,Fisher,5,184.4,M,False
72,Logan,Walters,5,248.8,M,True
73,Gary,Daugherty,69,245.6,M,False
74,Donald,Montgomery,29,239.3,M,False
75,Sean,Mathews,37,106.7,F,True
76,Gerald,Curtis,20,173.4,F,False
77,Nicholas,Phillips,38,205.9,M,False
78,Randy,Zamora,60,90.3,M,True
79,Albert,Callahan,98,188.4,F,False
80,Joe,Graham,72,203.3,F,False
81,Bobby,Mcclure,49,267.1,M,False
82,Joseph,Hail,18,136.6,F,False
83,Edward,O’brien,49,130.1,M,False
84,Roger,Greer,59,185.6,F,True
85,Tyler,Petersen,110,273.5,F,True
86,Richard,Clayton,67,122.1,F,False
87,Gabriel,Burnett,4,179.1,M,False
88,Eugene,Cook,25,203.6,F,False
89,Gabriel,Holt,52,165.0,F,False
90,Peter,Dunn,2,138.3,M,False
91,James,Compton,107,213.6,F,False
92,Jonathan,Villanueva,65,122.4,M,False
93,Brandon,Poole,27,209.6,M,False
94,Lawrence,Arias,44,245.4,M,False
95,Dylan,Mendez,85,250.0,M,False
96,Larry,Skinner,50,217.5,F,False
97,Steven,Leblanc,7,106.2,F,False
98,Thomas,Wells,36,257.6,F,False
99,Samuel,Carson,96,205.9,F,False
100,Mark,Castro,93,102.8,M,True
101,Gerald,Kent,56,278.0,F,False
102,Stephen,Bonilla,17,191.6,F,False
103,Willie,Lynch,4,250.1,F,False
104,Jerry,Stuart,12,83.9,M,False
105,Eugene,Benitez,21,270.9,M,False
106,Mark,Arroyo,83,138.7,M,False
107,James,Dickerson,39,86.3,F,False
108,Douglas,Ford,50,195.7,F,False
109,Timothy,Wong,11,129.6,M,True
110,Jacob,Dorsey,106,132.0,F,True
111,Peter,Calhoun,77,124.4,F,False
112,Carl,Boyer,41,245.1,M,False
113,John,Barnes,23,203.2,F,False
114,Russell,Buchanan,24,111.8,M,False
115,Timothy,Rivers,32,271.5,F,False
116,Kenneth,Esquivel,39,213.8,F,False
117,Logan,Wallace,93,171.2,F,False
118,Adam,Christensen,26,161.9,M,True
119,Vincent,Phillips,40,121.0,M,False
120,Jeremy,Walls,46,216.4,F,False
121,Tyler,Ryan,37,234.1,F,False
122,Gabriel,Larson,62,211.0,F,False
123,Ronald,Church,73,273.4,F,False
124,John,Gonzalez,27,183.8,F,False
125,Roy,York,18,207.3,M,False
126,Brian,Randolph,99,89.7,M,False
127,Charles,Correa,14,268.4,M,False
128,Gerald,Avalos,62,202.2,M,False
129,Adam,Austin,42,203.8,M,True
130,Douglas,Daniel,45,125.8,F,False
131,Jerry,Lynn,86,121.4,F,False
132,Joshua,Bautista,81,82.4,F,False
133,Noah,Velasquez,43,100.8,M,False
134,Gregory,Long,68,157.9,M,False
135,Bradley,Kelley,103,109.6,M,False
136,Richard,Grant,91,156.0,M,True
137,Timothy,Pugh,3,119.5,F,True
138,George,Clay,56,235.0,M,False
139,Kevin,Brewer,62,168.3,F,False
140,Dennis,Valdez,42,112.0,M,True
141,Peter,Glenn,5,149.2,F,False
142,William,Vincent,41,191.1,M,False
143,Richard,Salinas,71,226.1,F,False
144,Brian,Walters,92,136.7,M,False
145,Nicholas,Ho,84,160.1,M,False
146,Matthew,Whitaker,89,171.4,M,True
147,Walter,Compton,33,116.0,F,False
148,Steven,Russo,12,205.7,M,False
149,Joshua,Villanueva,1,146.5,M,False
150,Aaron,Moses,86,217.7,M,False
151,Mark,Cherry,95,149.6,M,True
152,John,Anthony,33,133.6,M,False
153,John,Frost,72,192.5,M,False
154,Ryan,Kirk,52,94.6,M,False
155,Ethan,Harris,88,218.6,F,False
156,Keith,Vaughan,91,131.9,M,False
157,Gerald,Arias,105,112.4,F,False
158,Timothy,Sampson,96,181.7,F,False
159,Anthony,Villegas,50,143.0,M,False
160,Jesse,Dodson,72,127.7,M,False
161,Christian,Lynch,87,195.8,M,True
162,Richard,Watson,6,243.7,M,False
163,Richard,Spencer,65,275.7,M,False
164,Jesse,Donaldson,19,159.8,F,False
165,Daniel,Norman,39,115.7,M,False
166,Roy,Warner,70,93.5,M,False
167,Frank,Leonard,62,268.6,M,False
168,Terry,Santos,49,250.3,M,False
169,Benjamin,Bernal,92,88.7,M,False
170,Russell,Palmer,70,246.7,M,False
171,Jack,Macdonald,48,229.6,F,True
172,Dylan,Ayala,17,162.2,F,True
173,Henry,Brewer,82,157.4,F,False
174,Roy,Wade,104,191.8,M,False
175,Bobby,Morrow,9,116.3,F,False
176,Gerald,Schmitt,27,113.4,F,False
177,Austin,Patterson,88,130.1,M,False
178,Joseph,Mcclain,30,219.3,F,False
179,Bruce,Dunlap,7,191.4,F,False
180,Dennis,Daniel,24,110.1,M,True
181,Walter,Bates,107,143.9,M,False
182,Ralph,Holloway,39,255.0,F,False
183,Joseph,Gallegos,103,249.2,F,True
184,Frank,Page,49,83.6,F,False
185,Tyler,Gaines,99,185.1,F,False
186,Frank,Dickerson,87,90.1,M,True
187,James,Lester,74,161.0,M,False
188,Timothy,Conley,109,237.5,M,True
189,Donald,Mendoza,52,276.3,F,False
190,Wayne,Richmond,64,116.5,M,False
191,Ralph,Hardy,62,189.3,M,False
192,Brandon,Blackburn,88,141.0,M,False
193,Mason,Gould,13,126.1,F,False
194,Gerald,Cohen,95,156.2,F,False
195,Walter,Christensen,110,277.1,M,True
196,Wayne,Sims,110,167.2,F,False
197,Randy,Warren,96,262.7,F,False
198,Gerald,Villa,54,122.5,F,False
199,Noah,Gordon,36,133.1,M,False
200,Bruce,Richards,5,95.9,F,False
201,Paul,Simpson,13,232.6,M,False
202,Bobby,Bell,96,212.9,M,False
203,Jason,Kelly,25,91.0,F,True
204,Benjamin,Wise,34,264.7,M,False
205,Walter,Mccoy,25,220.5,F,False
206,Russell,Le,55,235.5,F,False
207,Bruce,Conrad,83,103.2,F,False
208,Edward,O’donnell,35,248.8,F,True
209,Eugene,Gallegos,86,198.5,M,False
210,Anthony,Butler,99,150.8,M,False
211,Ryan,Newton,39,202.8,F,False
212,Randy,Lang,106,160.6,M,False
213,Zachary,Lam,67,198.8,M,False
214,Joshua,Callahan,55,221.1,M,False
215,John,Chase,35,144.4,F,True
216,Paul,Spears,34,275.0,F,False
217,Jerry,Flynn,33,143.0,F,False
218,Jack,Portillo,43,172.5,M,False
219,Willie,Wheeler,3,275.9,M,False
220,Brandon,Foley,4,227.2,M,False
221,Bobby,Jones,1,169.0,M,False
222,Alan,Paul,103,98.6,F,False
223,Aaron,Mosley,22,201.1,F,False
224,Keith,Stein,60,255.1,F,False
225,Philip,Macdonald,53,186.8,M,False
226,Nathan,Newman,33,221.5,M,False
227,Kyle,Blankenship,80,267.5,M,True
228,Alan,Hull,109,129.8,F,True
229,Randy,Faulkner,95,92.3,M,False
230,Stephen,Burnett,66,113.1,F,False
231,Brandon,Parra,63,219.3,M,True
232,Frank,Strickland,77,200.7,F,False
233,Randy,Kirk,9,125.5,M,False
234,Noah,Cameron,61,263.9,M,False
235,Jeffrey,Montoya,47,169.3,F,False
236,Joseph,Avery,37,211.4,F,False
237,Adam,Jones,10,146.3,M,False
238,Brian,Hutchinson,67,246.5,F,False
239,Jose,Glass,13,232.0,M,False
240,Juan,Santos,48,126.1,M,False
241,Jordan,Little,25,226.8,M,False
242,Jeffrey,Barr,108,260.6,F,True
243,Albert,Mason,57,240.3,F,False
244,Peter,Park,53,187.8,F,True
245,Anthony,Aguilar,85,188.4,F,False
246,Charles,Shaw,84,131.3,M,False
247,Carl,Chapman,84,214.3,M,False
248,Sean,Matthews,30,113.7,F,False
249,Andrew,O’connell,80,238.0,M,False
250,David,Landry,36,89.1,F,False
251,Jason,Santana,85,211.8,M,False
252,Mason,Combs,87,126.1,F,False
253,Kevin,Mays,27,99.3,M,False
254,Philip,Ellison,34,234.0,M,False
255,Harold,Dalton,110,240.8,M,False
256,Willie,Nichols,33,208.3,M,False
257,Joshua,Dean,51,130.7,M,True
258,Richard,Shaffer,65,230.4,F,False
259,Ryan,Rivas,110,237.5,F,False
260,George,Wiggins,95,116.9,M,False
261,Dennis,French,51,225.8,F,True
262,John,Quintana,41,113.4,F,False
263,Alexander,Salazar,23,254.2,F,True
264,Peter,Ingram,51,96.0,M,False
265,Joshua,Figueroa,55,185.2,M,False
266,Joshua,Alvarado,71,247.1,F,True
267,Juan,Mercado,54,157.5,F,True
268,Donald,Rocha,42,155.6,M,False
269,Edward,Wood,72,129.4,M,False
270,Jose,Lozano,62,147.4,M,False
271,Christopher,Heath,10,105.6,M,False
272,Joshua,Jarvis,59,91.0,F,False
273,Walter,Rubio,35,278.9,M,True
274,Thomas,Kent,21,236.2,F,False
275,Roger,Hester,20,250.5,F,False
276,Dylan,Nguyen,36,126.1,M,False
277,Austin,House,50,104.7,F,True
278,Justin,Jennings,52,221.3,M,False
279,Juan,Levy,20,158.0,M,False
280,Justin,Compton,85,219.0,M,False
281,Frank,Zamora,91,273.1,M,False
282,Jeffrey,Harrison,82,161.1,M,False
283,Gregory,Estes,46,104.1,M,False
284,Steven,Simmons,75,98.3,M,False
285,Carl,Salas,11,160.9,F,False
286,Jose,Page,14,132.3,F,False
287,Eugene,Lang,79,140.4,M,False
288,Gary,Bryant,73,94.1,F,False
289,Juan,Richmond,5,168.8,F,False
290,Harold,Blackburn,35,277.6,F,False
291,Timothy,Mclean,4,90.3,F,False
292,Dylan,Meza,34,186.8,F,False
293,Jesse,Sosa,32,197.8,M,True
294,Roy,Reese,13,259.3,F,True
295,Benjamin,Roberson,35,127.6,F,False
296,Jonathan,Bauer,77,149.2,M,False
297,Terry,Noble,46,131.7,F,False
298,Joe,Bryant,21,148.8,M,True
299,Jeffrey,Lam,102,171.7,F,False
300,Randy,Brennan,6,274.1,F,False
301,Christian,Tapia,36,94.0,F,False
302,Stephen,Fischer,4,109.0,M,False
303,Juan,Saunders,94,167.4,M,False
304,Eugene,Benitez,17,235.7,F,True
305,Paul,White,25,102.5,M,False
306,Billy,Gomez,19,162.4,F,False
307,Bradley,Fowler,66,168.0,F,False
308,Mason,Shelton,37,135.9,F,False
309,Vincent,Gallegos,79,131.8,F,True
310,Matthew,Acosta,99,111.4,F,False
311,Walter,Payne,37,85.6,M,False
312,Robert,Mcpherson,53,107.2,M,False
313,Joe,Schmitt,54,148.9,F,True
314,Roger,Hill,52,136.6,M,False
315,Larry,Patel,102,192.9,F,False
316,Michael,Berger,52,197.6,F,True
317,Brian,Ponce,62,110.7,F,True
318,Donald,Velasquez,25,250.0,M,False
319,Adam,Lester,104,175.4,F,False
320,Thomas,Watson,34,166.0,M,False
321,Willie,Hines,77,266.9,F,False
322,Brian,Wade,36,227.2,M,False
323,Dennis,Johnson,84,214.7,F,False
324,Austin,Whitney,34,251.1,M,False
325,Stephen,Townsend,52,131.8,M,False
326,Vincent,English,83,213.4,F,True
327,Jeffrey,Atkins,84,194.1,M,False
328,David,Durham,52,205.9,M,False
329,Peter,Horton,49,118.9,F,False
330,Douglas,Gilmore,7,262.4,F,False
331,Brian,Krueger,110,187.2,F,False
332,Mason,Castro,18,117.0,F,False
333,Sean,Hickman,5,230.3,M,False
334,Jeremy,Gibbs,56,131.7,M,False
335,Keith,Benton,4,195.7,M,False
336,David,Cobb,21,120.4,F,True
337,Mark,Bowman,15,185.1,M,False
338,Adam,Henderson,84,213.6,M,False
339,Joshua,Mcintosh,7,85.7,M,False
340,George,Hardy,34,164.8,M,False
341,Matthew,Reilly,53,168.9,M,True
342,Scott,Meza,97,133.3,F,True
343,James,Kirk,103,96.2,M,False
344,Austin,Bradford,20,220.9,M,False
345,Alan,Patel,38,278.1,F,False
346,Juan,Stephenson,99,275.9,M,False
347,Eugene,Clayton,57,207.3,M,False
348,Gary,Bailey,17,221.6,F,False
349,Logan,Singh,67,227.4,M,False
350,Alan,Mcgee,101,120.9,M,False
351,Samuel,Arellano,7,273.6,M,False
352,Donald,Conley,36,125.5,F,True
353,Peter,Barajas,58,218.1,M,True
354,Paul,Shannon,46,271.5,M,False
355,David,Coffey,107,158.4,F,False
356,Henry,Collier,12,214.1,F,False
357,Donald,Schmidt,27,223.2,F,False
358,Sean,Frank,58,137.5,F,False
359,Russell,Douglas,70,95.9,M,False
360,Sean,Cochran,104,266.6,M,False
361,Jesse,Kim,65,85.8,M,False
362,Jose,Hail,2,142.9,M,False
363,William,Herman,49,188.2,F,False
364,Donald,Rosas,8,194.6,M,False
365,Jack,Christian,52,160.6,F,False
366,Paul,Chase,94,120.4,M,False
367,Tyler,Calderon,37,104.2,M,False
368,Gerald,Chang,29,263.3,M,False
369,Bruce,Swanson,62,158.1,F,False
370,Raymond,Clarke,40,241.7,M,False
371,Zachary,Golden,12,174.3,M,True
372,Donald,Tang,34,128.1,M,False
373,Kenneth,Dunn,72,247.6,M,False
374,Christian,Carrillo,101,179.5,M,False
375,Ronald,Moore,104,164.6,M,True
376,Jordan,Vazquez,6,123.7,M,False
377,Eric,Walls,89,231.3,M,False
378,Bobby,Briggs,53,107.1,M,False
379,Samuel,Jackson,86,179.5,F,False
380,Christian,Terrell,39,182.7,F,True
381,Raymond,Horton,83,182.7,M,True
382,Terry,Cardenas,58,96.0,F,False
383,Gregory,Cummings,35,238.6,M,True
384,Steven,Valentine,15,162.2,M,False
385,David,Mcmillan,97,91.1,F,True
386,Larry,Bell,87,230.0,M,False
387,Jordan,Beasley,22,257.3,F,True
388,Ryan,Mays,2,84.7,M,False
389,Frank,Leonard,87,267.8,F,False
390,Douglas,Whitaker,59,264.1,F,False
391,Eugene,Wolfe,34,129.4,M,False
392,Andrew,Dunn,8,84.6,F,True
393,Bruce,Norton,102,124.1,M,False
394,Alexander,Vargas,29,232.5,F,False
395,James,Reynolds,78,189.6,F,False
396,Billy,Trejo,18,202.8,M,False
397,Douglas,Benton,50,197.1,M,False
398,Jose,Ramsey,79,199.1,F,False
399,Douglas,Cantu,31,148.0,F,False
400,Matthew,Ventura,62,166.8,F,False
401,Juan,Welch,9,90.0,F,False
402,Logan,Jensen,96,251.6,M,False
403,Richard,Abbott,13,255.0,M,False
404,Paul,Wallace,20,253.5,M,False
405,Justin,Garner,29,139.6,F,False
406,Timothy,Dixon,65,167.2,M,False
407,Vincent,O’donnell,51,274.0,M,False
408,Adam,Preston,64,102.5,F,False
409,William,Combs,63,137.3,F,True
410,Raymond,Camacho,92,87.3,F,False
411,Jack,Hodges,82,114.0,M,False
412,Joseph,Cummings,3,80.6,M,False
413,Jerry,Lane,53,226.8,F,False
414,Douglas,Ponce,60,248.5,M,False
415,Joseph,Monroe,78,112.8,F,True
416,Sean,Sanders,63,216.6,F,False
417,Tyler,Hobbs,87,162.8,M,False
418,Bradley,Swanson,55,217.3,M,False
419,Bryan,Adams,95,169.4,M,True
420,Christian,Taylor,26,99.2,F,False
421,Randy,Cuevas,97,233.9,M,False
422,Keith,Hurst,67,197.4,M,True
423,Christian,Blake,13,209.7,M,False
424,Joe,Rush,29,128.0,F,False
425,Lawrence,Payne,105,229.3,M,False
426,Dennis,Barron,99,203.1,F,True
427,Benjamin,Pace,15,179.9,M,False
428,Juan,Ward,97,171.4,F,False
429,Ethan,Lynn,9,146.5,M,False
430,Kevin,Montgomery,23,88.7,M,False
431,Logan,Harper,97,208.1,F,False
432,Christian,Richardson,59,193.7,F,False
433,Juan,Scott,11,129.1,F,False
434,Jerry,Sutton,7,164.1,M,False
435,Thomas,Strong,109,270.8,F,True
436,Jonathan,Zavala,17,273.8,F,True
437,Jack,Hobbs,30,226.8,M,False
438,Philip,Riley,82,263.7,F,False
439,Dennis,Jacobson,107,187.0,F,False
440,Justin,Espinosa,45,229.8,F,True
441,Douglas,Wade,9,123.7,M,False
442,Steven,Douglas,109,187.7,F,False
443,Timothy,Guevara,92,205.9,M,True
444,Nathan,Noble,78,194.7,F,False
445,Albert,Roy,26,94.6,F,False
446,Dylan,Goodman,4,166.4,M,False
447,Gregory,Frank,58,240.1,M,False
448,Jordan,Brandt,24,269.2,M,False
449,Jerry,Schmidt,60,203.9,M,False
450,Joe,Hurley,24,172.7,M,False
451,Randy,Kemp,83,197.6,F,False
452,Randy,Foster,18,222.5,F,False
453,James,Gilmore,109,173.9,F,False
454,Jonathan,Arroyo,24,191.4,F,True
455,Roy,Glass,46,113.7,F,False
456,Edward,Castillo,16,253.0,M,False
457,Paul,Randolph,94,217.8,F,False
458,Frank,Bush,4,92.1,F,False
459,Alan,Rivers,104,224.9,F,False
460,Juan,Mcintosh,20,205.9,M,False
461,Frank,Glass,40,166.2,M,False
462,Jack,Hurst,30,261.8,F,False
463,Henry,Gross,96,161.1,F,False
464,Douglas,French,77,235.8,F,False
465,Christopher,Rios,73,244.1,F,True
466,Gerald,Moore,92,199.6,F,False
467,Jeremy,Shepherd,23,207.9,F,False
468,Ralph,Clayton,68,147.3,F,False
469,Adam,Blackburn,28,100.9,M,False
470,Alan,French,16,140.5,F,False
471,Peter,Howe,104,92.6,F,False
472,Justin,Hunter,21,263.3,F,False
473,Stephen,Morton,97,246.9,M,False
474,Logan,Howe,96,265.2,M,False
475,Wayne,Ayers,6,175.6,F,True
476,Patrick,Hurst,84,253.5,M,True
477,Jason,Clay,104,129.3,F,False
478,Steven,Ford,18,172.0,M,False
479,Robert,Pearson,77,130.1,F,False
480,Walter,Bradford,64,226.9,M,False
481,David,O’donnell,58,263.8,F,False
482,Samuel,Young,7,175.8,M,False
483,Jack,French,96,135.5,M,False
484,Charles,Douglas,31,108.0,M,False
485,Nicholas,Phan,78,84.3,F,False
486,Thomas,Fuller,62,213.4,F,False
487,Henry,Parks,61,204.7,F,True
488,Harold,Huerta,63,209.4,M,False
489,Gabriel,Mccullough,31,125.8,M,False
490,Scott,Carson,26,126.7,M,False
491,Steven,Schwartz,80,208.0,F,False
492,Gerald,Pope,46,203.7,F,False
493,Ethan,Henderson,31,135.3,M,False
494,Terry,Peterson,44,130.7,F,False
495,Jack,Atkinson,58,104.0,M,False
496,Gerald,Salazar,18,109.8,F,False
497,Peter,Johnson,57,251.8,M,False
498,Ronald,Barry,90,159.7,F,False
499,Jason,Hebert,40,116.9,M,False
500,Patrick,Phillips,79,182.8,M,False
501,Michael,Skinner,24,104.3,M,False
502,Ryan,Mercado,43,194.3,M,False
503,Jeremy,Raymond,60,115.9,M,False
504,Willie,Parra,99,175.9,F,False
505,Samuel,Case,15,88.3,F,False
506,Jack,Gallagher,36,173.1,F,False
507,Eugene,Maynard,50,236.3,F,False
508,Brandon,Ponce,65,140.4,F,False
509,Alexander,Underwood,1,87.1,F,False
510,Joshua,Mata,31,213.5,F,True
511,Ethan,Chambers,80,130.7,M,False
512,Jeffrey,O’connor,67,240.7,F,False
513,Philip,Willis,94,96.2,M,False
514,Logan,Dorsey,95,213.5,F,True
515,Wayne,Murphy,39,83.3,M,True
516,Ryan,Barajas,26,151.1,F,True
517,Robert,Barnett,46,265.7,M,False
518,Roger,Savage,31,96.4,M,False
519,Billy,Prince,55,137.3,M,False
520,Brandon,Richardson,97,159.9,M,False
521,Jose,Woodward,72,252.5,M,True
522,Timothy,Perry,80,174.1,F,False
523,Russell,Noble,57,195.9,F,True
524,Philip,Simmons,7,176.7,F,False
525,Jeremy,Pope,58,227.2,F,False
526,Scott,Gallegos,109,124.4,M,False
527,Patrick,Fleming,28,272.5,F,False
528,Willie,Sanders,71,263.4,F,False
529,Joshua,Cortes,42,196.7,M,False
530,Bradley,Wyatt,22,218.4,F,False
531,Ryan,Rosario,61,110.3,F,False
532,Christopher,Guerrero,12,200.9,F,False
533,Gerald,Austin,22,134.3,F,False
534,George,Burton,8,87.0,F,False
535,Patrick,Michael,38,102.4,M,False
536,Nathan,Deleon,35,234.6,F,False
537,Kevin,Fitzpatrick,110,134.5,M,False
538,Harold,Barajas,65,263.5,F,False
539,Dennis,Burns,51,190.8,F,False
540,Philip,Allison,28,185.5,M,True
541,Jack,Peterson,89,219.4,F,True
542,Gary,Gallegos,87,204.7,F,False
543,Bruce,Turner,56,256.6,M,False
544,Michael,Franco,5,215.4,M,False
545,Brian,Beil,55,220.8,M,False
546,Mason,Kane,15,143.1,F,False
547,Thomas,Wolf,65,252.0,F,False
548,Harold,Haley,107,104.6,F,False
549,Eric,Hall,100,168.8,M,False
550,Matthew,Montoya,56,242.7,F,True
551,Ralph,O’neill,83,178.0,M,False
552,Walter,Turner,30,191.9,M,False
553,Joshua,Coleman,6,256.0,M,False
554,Richard,Santiago,51,206.1,F,False
555,Jonathan,Sutton,87,141.6,M,False
556,Anthony,Beil,64,175.9,M,False
557,Steven,Freeman,91,102.4,F,False
558,Bradley,Branch,29,118.4,M,False
559,Patrick,Garcia,61,122.9,F,False
560,Philip,Baxter,21,234.7,F,False
561,Jesse,Ventura,80,164.2,M,False
562,Russell,Pierce,45,206.5,F,False
563,Justin,Rosas,29,173.8,M,True
564,Ronald,Page,45,148.8,F,False
565,Edward,Soto,31,174.5,F,False
566,Christopher,Shaw,41,254.2,F,False
567,Wayne,Floyd,94,210.8,M,False
568,Steven,Gill,71,269.6,F,False
569,Anthony,Steele,37,240.0,F,True
570,Paul,Schmitt,52,138.7,M,False
571,Gerald,Villa,94,146.8,M,True
572,Nathan,Gardner,52,257.3,M,False
573,Samuel,Wyatt,42,113.7,F,False
574,Jerry,Chapman,11,232.3,F,False
575,Larry,Trevino,56,122.7,F,False
576,Brandon,Huff,7,194.2,M,False
577,Dylan,Hail,70,149.8,F,False
578,John,Chapman,38,259.0,M,True
579,Henry,Mann,98,99.5,M,False
580,Dylan,Rush,4,163.6,M,False
581,Arthur,Pitts,34,166.8,M,False
582,Ronald,Fischer,72,237.8,F,False
583,David,Sawyer,87,127.6,F,False
584,Donald,Velasquez,18,136.0,F,True
585,Billy,Hammond,25,263.8,F,False
586,Michael,Michael,67,257.8,M,False
587,Jeremy,Owens,41,248.5,F,False
588,Scott,O’connell,99,267.9,M,True
589,Elijah,Larsen,85,207.0,F,False
590,Christopher,Delgado,50,81.3,M,False
591,Logan,Burch,95,96.4,F,False
592,Paul,Wilkerson,21,211.5,M,False
593,Bruce,Caldwell,5,228.5,F,False
594,Elijah,Christensen,6,105.5,F,False
595,Eric,Holt,99,177.2,F,False
596,Ralph,Parks,52,257.2,M,False
597,Stephen,Harris,65,199.2,M,False
598,Jonathan,Beard,67,124.0,F,True
599,Timothy,Montgomery,106,123.6,M,False
600,Richard,Salazar,84,194.0,F,False
601,Benjamin,Portillo,17,132.3,F,False
602,John,Foley,95,151.9,F,False
603,Gerald,Johnston,74,100.0,F,True
604,Timothy,Kerr,20,190.8,M,False
605,Albert,Meyer,75,130.1,M,False
606,Michael,Conway,66,113.4,M,False
607,Philip,Magana,107,93.1,M,True
608,Brandon,Trevino,100,175.0,M,False
609,Arthur,Magana,54,201.0,F,False
610,Alan,Douglas,27,226.1,F,False
611,Samuel,Strong,47,200.5,M,False
612,Jeffrey,Ford,76,141.9,F,False
613,Randy,Dalton,24,247.9,M,False
614,Mason,Chapman,44,103.3,M,False
615,Randy,Pratt,53,253.4,F,False
616,Gabriel,O’connell,53,192.3,M,False
617,Harold,Frye,69,271.5,F,True
618,Bradley,Hampton,81,127.4,M,False
619,Jonathan,Kirby,3,219.7,M,False
620,Donald,Erickson,67,94.6,F,False
621,Jonathan,Daugherty,82,225.7,M,False
622,William,Macias,97,247.0,F,False
623,Billy,Roman,39,121.4,F,False
624,Richard,Roberson,46,219.0,M,False
625,Roy,Francis,22,199.4,M,False
626,Jacob,Glover,30,143.5,M,True
627,James,Dejesus,61,89.6,F,False
628,Zachary,Beard,87,235.1,F,False
629,Kevin,Elliott,6,172.8,F,False
630,Tyler,Kemp,50,148.1,F,False
631,Keith,Lin,89,96.4,M,False
632,Roy,Ward,56,251.1,M,False
633,Brandon,Olsen,90,94.8,M,False
634,Brian,Delgado,88,114.3,M,False
635,Gabriel,Melendez,67,122.0,F,True
636,Roy,Hendricks,65,279.6,M,False
637,Timothy,Fitzgerald,9,197.0,M,True
638,Juan,Norton,68,146.6,F,True
639,Joshua,Michael,19,256.5,F,False
640,John,Rios,56,273.1,M,False
641,Russell,Petersen,12,230.7,M,True
642,Kevin,Beltran,33,231.7,F,False
643,Steven,Franklin,29,246.5,F,False
644,Justin,Clay,108,258.4,M,False
645,Juan,Warren,77,237.6,F,True
646,Timothy,Rubio,82,133.5,M,False
647,Robert,Simpson,16,192.1,F,False
648,Nicholas,Wu,60,113.7,F,False
649,Roger,Berger,42,188.7,F,True
650,Kyle,Zimmerman,104,277.8,M,False
651,Michael,Quintero,17,202.6,F,True
652,Adam,Mack,8,243.7,F,False
653,Jack,Cox,25,176.2,M,True
654,Billy,Flores,33,202.6,M,False
655,Russell,Hurst,83,105.1,F,True
656,Thomas,Vega,31,91.6,F,False
657,Zachary,Villanueva,61,227.6,F,False
658,John,Delarosa,6,93.7,F,False
659,Albert,Sharp,101,129.3,M,True
660,Roger,Woodward,70,200.4,M,False
661,James,Magana,83,81.0,F,False
662,Jesse,Weeks,109,152.0,F,False
663,Bobby,Gregory,81,255.1,M,False
664,George,York,62,202.8,F,False
665,Richard,Turner,78,95.2,F,False
666,Nathan,Walker,61,224.4,F,False
667,Nathan,Collier,100,166.8,M,True
668,Joe,Davenport,11,102.1,F,False
669,Charles,Deleon,27,232.2,F,False
670,George,Fry,19,80.5,F,False
671,Richard,Randall,54,276.4,M,False
672,Gary,Hunt,8,174.3,F,False
673,Timothy,Myers,50,261.1,M,False
674,Bruce,Campos,27,277.9,M,False
675,Albert,Murray,81,117.8,F,False
676,Walter,Mccullough,22,234.3,F,False
677,Kyle,Bryant,50,106.0,F,False
678,Joe,Dean,75,161.2,M,False
679,Justin,Alexander,80,136.3,M,False
680,Billy,Mullen,1,94.5,M,False
681,Brandon,Horne,74,230.9,F,False
682,Billy,Moreno,92,110.3,M,True
683,Christopher,Erickson,32,273.3,M,False
684,Matthew,Dean,39,85.1,M,False
685,Scott,O’donnell,76,188.0,M,False
686,Jesse,Reilly,38,279.6,F,False
687,Dennis,Stout,78,203.5,M,False
688,Samuel,Cisneros,16,119.6,F,False
689,Zachary,Montes,5,188.2,M,False
690,Samuel,Gaines,107,151.5,M,False
691,Austin,Tanner,54,120.5,M,True
692,Benjamin,Barrera,77,118.6,F,False
693,Gary,Hoover,33,252.5,F,False
694,Gerald,Parsons,23,250.5,M,False
695,Randy,Blanchard,80,118.1,F,True
696,Bruce,Wilkinson,20,116.3,M,False
697,Tyler,Benson,25,131.7,F,False
698,Jacob,Snow,11,224.6,F,False
699,Jason,Dunlap,76,155.0,M,False
700,Jordan,Huber,77,131.5,F,False
701,Thomas,Walsh,50,144.1,F,False
702,Brian,Mathis,74,241.9,M,True
703,Nicholas,Meza,83,200.2,F,False
704,Jonathan,Osborne,110,211.7,F,False
705,Eric,Dixon,61,198.8,F,False
706,Thomas,O’donnell,47,177.8,M,True
707,Dylan,Porter,41,266.6,F,False
708,Justin,Parker,12,96.9,F,False
709,Joseph,Booker,89,119.9,M,False
710,Steven,Krueger,44,88.6,F,False
711,Philip,Mack,73,114.4,M,False
712,Larry,George,4,129.2,F,False
713,Walter,Solis,28,196.8,M,False
714,George,Greene,94,111.6,F,False
715,Jack,Love,51,122.6,M,True
716,Roy,Hancock,7,103.5,M,False
717,Billy,Alvarez,90,250.2,F,False
718,Bobby,Spence,35,177.2,F,False
719,George,Mclaughlin,13,207.5,F,True
720,Russell,Gross,19,99.6,M,False
721,Peter,Saunders,65,177.4,M,False
722,Eric,Fields,81,165.1,M,False
723,Lawrence,Murphy,20,190.1,M,False
724,Charles,Conner,69,144.7,F,False
725,Jack,Bishop,77,262.1,F,False
726,Juan,Mullins,68,161.0,F,False
727,Wayne,Day,68,136.7,M,False
728,Mason,Shaw,2,124.5,F,False
729,Patrick,Ware,2,90.0,F,False
730,Jack,Stafford,23,138.9,M,False
731,Alexander,James,88,205.9,M,False
732,Michael,Elliott,9,272.6,M,False
733,Dennis,Orr,104,240.7,M,False
734,Kenneth,Henry,63,158.7,M,False
735,James,Fitzgerald,67,146.8,M,False
736,Douglas,Piñeda,47,138.4,F,True
737,Jonathan,Friedman,76,137.0,F,False
738,Jack,Haley,53,256.7,F,True
739,Roger,Crane,90,110.7,F,False
740,Joseph,Bernal,55,241.6,F,False
741,Jeremy,Mcclain,8,239.1,M,True
742,Jonathan,Colón,57,152.2,M,False
743,Albert,Fox,36,266.4,M,False
744,Gabriel,Webb,57,204.1,F,False
745,Gabriel,Cruz,101,162.5,M,False
746,Elijah,Meyer,98,145.5,M,False
747,Gregory,Roberson,64,227.3,F,True
748,Ralph,Potter,23,261.1,M,True
749,Christian,Cruz,78,235.2,F,False
750,Jose,Wright,11,224.9,M,True
751,Eric,Hughes,63,235.7,F,False
752,Ryan,Nash,44,170.7,F,False
753,Thomas,Palacios,96,175.3,F,False
754,Samuel,Vasquez,92,152.6,F,False
755,Jesse,Payne,1,239.9,M,True
756,Jeremy,Humphrey,56,144.1,F,False
757,Patrick,Hartman,40,100.4,M,False
758,Wayne,Bishop,31,125.4,F,False
759,Benjamin,O’neal,101,277.8,M,False
760,Henry,Brewer,20,200.2,F,False
761,Russell,Vo,44,102.7,M,False
762,Michael,Flores,61,274.9,F,False
763,Juan,Gallegos,76,145.6,M,True
764,Wayne,Andrade,80,96.3,F,True
765,Ryan,Murphy,63,163.5,F,True
766,Robert,Hardin,9,205.2,M,True
767,Willie,Elliott,38,111.9,M,False
768,Carl,Oliver,38,172.8,M,True
769,Adam,Rice,71,144.4,F,False
770,Lawrence,Oliver,23,265.5,F,False
771,Gerald,Lyons,47,134.7,F,False
772,Michael,Andersen,82,264.3,M,False
773,Joseph,Randall,96,132.9,F,False
774,Eugene,Page,65,165.4,F,False
775,Jesse,Hanson,54,229.9,M,False
776,Gary,Stanton,35,222.4,M,False
777,Justin,Shepard,16,153.9,M,False
778,Mason,Wu,37,252.1,M,False
779,Gary,Neal,37,159.1,F,False
780,Kevin,Alvarado,23,196.1,F,False
781,Mark,Cook,31,221.3,F,False
782,Raymond,Parrish,51,148.2,M,False
783,Kyle,Hampton,54,196.7,M,False
784,Jerry,Lloyd,17,154.4,F,False
785,Austin,Wagner,47,88.6,F,True
786,Samuel,Curtis,110,259.2,M,False
787,George,Salgado,30,253.7,F,True
788,Zachary,Andersen,43,85.3,M,False
789,Anthony,Simpson,72,118.9,M,False
790,Christian,Serrano,7,86.8,M,False
791,Joe,Pittman,37,248.8,M,True
792,Gregory,Hail,83,148.0,M,False
793,Peter,Greer,75,189.3,F,True
794,Bryan,Donovan,63,209.6,M,True
795,Dylan,Simpson,69,219.6,M,False
796,Tyler,Moss,46,90.7,F,True
797,Ethan,Poole,74,161.9,M,True
798,Logan,Davenport,105,117.2,F,False
799,Brandon,Singleton,17,152.1,M,False
800,Richard,Tucker,19,213.8,M,False
801,Brandon,Sherman,90,207.6,M,False
802,Carl,Stevenson,15,242.3,F,True
803,Gregory,Baxter,83,85.8,F,False
804,Ryan,Mitchell,23,140.3,M,False
805,Andrew,Craig,15,210.7,F,False
806,Jordan,Gordon,5,263.9,M,False
807,Nathan,Bell,89,166.3,M,True
808,Henry,Barrett,55,125.9,F,False
809,Carl,Knight,42,229.5,M,False
810,Juan,Meyers,95,159.7,F,False
811,Alan,Massey,95,179.3,F,True
812,Christian,Stone,98,123.1,M,True
813,Jeremy,Fitzgerald,83,91.5,F,False
814,Noah,Bernard,87,107.2,F,False
815,Wayne,Jackson,33,241.7,F,False
816,Ronald,Hudson,35,153.3,M,False
817,Steven,Quintana,97,157.0,F,True
818,Alexander,Mcmahon,26,242.9,F,False
819,Jerry,Duarte,67,229.0,F,False
820,Robert,Tran,1,147.6,F,False
821,Gregory,Mccall,20,266.3,M,True
822,Eric,Fox,18,232.7,M,False
823,Kyle,Arellano,106,116.0,F,False
824,Nathan,Bowen,98,91.8,M,False
825,Steven,Rivers,81,94.4,M,True
826,Patrick,Mckenzie,97,111.3,M,False
827,Arthur,Jordan,20,239.7,F,False
828,Samuel,Schaefer,57,234.6,F,False
829,Thomas,Jaramillo,66,170.3,M,True
830,Paul,Buchanan,63,266.1,M,False
831,Bobby,Parra,16,194.5,F,False
832,Kevin,Bruce,107,223.2,M,False
833,Vincent,Cortéz,27,250.0,M,False
834,Walter,Mccormick,64,278.3,M,True
835,Roger,Leonard,57,233.4,M,False
836,Jacob,Mccormick,29,173.2,F,False
837,Donald,Sloan,16,155.4,F,False
838,Paul,Wiggins,69,184.6,F,False
839,Paul,Vu,74,223.1,F,True
840,Samuel,Padilla,17,137.8,F,False
841,Henry,Cook,87,195.3,F,False
842,Albert,Jordan,2,197.8,F,True
843,Anthony,Crane,89,209.7,M,False
844,Charles,Hopkins,39,177.6,F,False
845,Benjamin,Cordova,15,177.0,M,True
846,William,Phan,50,216.2,M,True
847,Bryan,Mendoza,99,112.9,F,False
848,Mason,Diaz,10,152.1,F,False
849,Steven,Wright,18,152.8,F,False
850,Dennis,Stevens,86,256.0,M,False
851,Stephen,Bennett,74,250.7,F,False
852,Gary,Marsh,31,85.8,F,False
853,Aaron,Lim,21,85.4,M,False
854,Henry,Vo,38,177.7,M,False
855,Carl,Fox,100,122.4,M,False
856,Roy,Rangel,97,135.5,M,False
857,Larry,Weiss,31,118.4,F,False
858,Daniel,Esquivel,67,161.2,M,False
859,Scott,Powers,28,224.0,M,False
860,Donald,Rich,109,193.8,F,False
861,Alexander,Mccullough,32,277.1,M,False
862,Zachary,Mcdonald,92,126.7,F,False
863,Jack,Copeland,20,170.5,M,True
864,Gerald,Mccall,40,233.2,M,True
865,Anthony,Ferguson,96,193.4,F,False
866,Edward,Lamb,100,165.0,F,False
867,Adam,Rich,109,84.2,M,False
868,Noah,Miller,16,84.4,M,False
869,Jesse,Mcfarland,88,218.0,M,False
870,Albert,Brock,72,219.1,F,False
871,Thomas,Reeves,96,105.2,F,False
872,Russell,Stout,13,180.4,M,False
873,Bradley,Gentry,89,108.0,F,False
874,Steven,Bell,85,96.6,F,True
875,Randy,Fitzgerald,49,210.5,M,False
876,Jesse,Duran,95,221.8,M,False
877,Russell,Li,19,253.7,M,False
878,Randy,Thompson,54,270.7,M,False
879,Jesse,Oliver,30,190.3,M,False
880,Ethan,Caldwell,50,243.9,F,False
881,Brian,Kennedy,55,135.5,F,False
882,Richard,Edwards,11,269.3,M,False
883,Jose,Lam,63,179.2,F,True
884,John,Callahan,93,91.3,M,False
885,Jeffrey,Stein,67,228.4,M,False
886,Steven,Collins,95,113.0,F,False
887,Timothy,Bowen,82,130.8,F,False
888,Bryan,Morales,103,275.4,M,True
889,Anthony,Underwood,46,192.7,M,False
890,Keith,Dawson,1,80.4,M,False
891,Austin,Ochoa,48,208.8,F,False
892,Jacob,Frazier,110,149.5,M,False
893,Adam,Hicks,50,120.4,M,True
894,Elijah,Orozco,106,188.9,F,False
895,Thomas,Pitts,77,146.8,F,False
896,Joshua,Lamb,3,154.5,F,False
897,Brandon,Quintana,35,163.7,M,False
898,Roy,Paul,18,189.8,F,False
899,Dennis,Lawson,103,225.3,M,True
900,Logan,Huffman,37,188.6,F,True
901,Ryan,Noble,87,117.1,F,True
902,Jeremy,Bullock,60,272.2,F,False
903,Douglas,Travis,88,192.2,M,False
904,Peter,House,60,247.3,M,False
905,Anthony,Rodriguez,86,252.2,M,False
906,Mason,Chan,86,237.2,F,False
907,Michael,Conley,56,96.9,F,True
908,Raymond,Atkinson,53,207.2,M,False
909,Ronald,Davenport,47,205.6,F,False
910,Raymond,Huff,98,135.6,F,False
911,Ryan,Wells,39,202.5,F,True
912,Larry,Reese,65,279.0,M,True
913,Philip,Cruz,97,95.4,M,False
914,Michael,Jones,31,90.9,F,True
915,Albert,Rice,98,143.1,M,False
916,Sean,Caldwell,23,80.8,F,False
917,Austin,Medina,5,243.7,M,False
918,Christopher,Portillo,52,184.4,F,False
919,Gerald,Fitzgerald,9,177.9,F,True
920,Sean,Ponce,84,192.2,F,False
921,Eric,Frazier,46,209.4,M,False
922,Ronald,Curtis,52,107.6,M,True
923,Kevin,Cherry,40,154.5,M,False
924,Patrick,Ali,13,249.3,F,False
925,Stephen,Maldonado,46,272.4,M,False
926,Eric,Dickerson,110,201.2,F,False
927,Terry,Bryan,66,201.1,F,False
928,Sean,Enriquez,93,231.6,F,True
929,Brandon,Gonzales,12,106.5,F,False
930,Andrew,Keith,81,101.3,M,True
931,Ralph,Simmons,52,96.7,M,False
932,Jack,Dyer,30,83.6,F,True
933,Brian,Armstrong,5,207.2,F,False
934,Timothy,Dunlap,68,203.0,F,False
935,Noah,Norris,69,150.7,M,False
936,Noah,Graham,108,215.3,F,False
937,Sean,Vu,80,278.8,F,False
938,Dylan,Lynn,31,108.2,F,False
939,Russell,Montes,93,223.1,M,False
940,Joshua,Piñeda,40,123.9,M,False
941,Edward,Wong,25,129.1,F,False
942,Thomas,Hansen,3,242.8,M,False
943,Joe,Cochran,12,117.9,M,False
944,Bobby,Burnett,100,142.9,M,True
945,Gabriel,Carlson,73,122.2,M,False
946,Mason,Mcgee,82,104.2,M,False
947,Eric,Myers,24,215.3,M,False
948,Gregory,Crosby,14,132.4,F,False
949,Aaron,Stokes,5,99.8,M,False
950,Aaron,Griffin,49,157.3,F,False
951,Edward,Hobbs,71,150.3,F,False
952,Eugene,Leon,20,244.5,F,False
953,Lawrence,Valencia,2,220.8,M,False
954,Richard,Estrada,67,163.9,M,False
955,Harold,Branch,70,98.9,F,False
956,George,Lang,41,165.8,M,False
957,Tyler,Sharp,28,171.7,F,False
958,Zachary,Peters,101,197.4,F,True
959,Daniel,Alfaro,9,172.8,F,False
960,Bryan,Walter,62,170.3,F,True
961,Bobby,Valdez,107,234.8,F,False
962,Russell,Haynes,106,187.4,M,False
963,David,James,88,125.5,F,True
964,Ryan,Charles,72,151.6,F,False
965,Benjamin,Morse,19,238.3,F,False
966,Gregory,Enriquez,40,173.3,M,False
967,Douglas,Barry,9,268.4,M,True
968,Gabriel,Mckinney,47,197.2,F,False
969,Christian,Moreno,69,161.6,F,False
970,Jose,Sawyer,10,141.6,M,False
971,Mason,Cantrell,87,160.9,F,False
972,Edward,Chandler,55,146.5,F,True
973,Kenneth,Durham,100,118.6,F,False
974,Kenneth,Wall,34,256.9,M,False
975,Donald,Vo,6,202.5,F,False
976,Albert,Banks,96,130.1,F,False
977,Thomas,Terrell,88,258.8,M,True
978,Michael,Martinez,93,175.9,F,False
979,Billy,Leal,94,187.3,F,False
980,Andrew,Rowe,33,103.5,F,False
981,Timothy,Francis,82,80.2,M,False
982,Charles,Mason,78,242.0,M,False
983,Terry,Fernandez,78,187.6,M,False
984,Brian,Castillo,92,86.8,M,False
985,Justin,Landry,30,275.0,M,False
986,Scott,Burnett,80,238.8,F,False
987,William,Berg,65,148.6,M,True
988,Brandon,Gilmore,39,196.5,M,False
989,Patrick,Valencia,66,134.3,F,True
990,Raymond,Carson,105,245.5,M,True
991,Eric,Daniels,16,155.1,F,False
992,Elijah,Escobar,6,222.6,F,False
993,Mark,Blankenship,50,254.8,F,False
994,Frank,Mueller,9,157.8,F,False
995,Bryan,Hughes,96,276.6,M,False
996,Matthew,Dudley,51,157.4,F,False
997,Elijah,Reese,100,135.0,F,False
998,Gerald,Ward,34,185.2,F,False
999,Arthur,Reilly,93,185.8,F,False
1000,Dylan,Preston,48,91.2,F,False
1001,Ronald,Cisneros,61,278.2,M,False
1002,Michael,Hebert,80,113.7,F,False
1003,Jordan,Jacobson,36,175.8,F,False
1004,Kevin,Decker,31,273.3,F,False
1005,Matthew,Preston,92,109.4,F,False
1006,Dennis,Craig,48,163.4,F,False
1007,Lawrence,O’connell,78,239.1,F,False
1008,Jerry,Bonilla,14,214.9,M,False
1009,Logan,Hail,27,201.3,M,False
1010,Keith,Juarez,89,102.7,F,True
1011,Jason,Caldwell,78,195.1,F,False
1012,Richard,Pratt,20,209.6,F,False
1013,Anthony,Brown,58,240.5,F,False
1014,Brandon,Mcmahon,52,189.8,M,False
1015,Arthur,Bernal,85,193.7,F,False
1016,Patrick,Roy,9,222.6,F,False
1017,Kevin,Trujillo,87,179.9,M,False
1018,Zachary,Wright,93,224.9,M,False
1019,Austin,Soto,12,119.3,F,True
1020,Scott,Truong,3,156.7,F,False
1021,Kevin,Lee,98,136.7,F,False
1022,Russell,Lloyd,45,114.5,M,False
1023,Ryan,Bruce,48,141.8,F,False
1024,Christian,Craig,32,191.8,F,False
1025,Benjamin,Nielsen,57,276.2,F,False
1026,Jordan,Jaramillo,79,208.3,F,False
1027,Justin,Hart,68,118.8,M,False
1028,Gregory,Buchanan,80,185.6,F,True
1029,Ryan,Carpenter,30,140.1,F,False
1030,Gerald,Pierce,32,140.2,M,True
1031,Aaron,Charles,53,252.4,F,True
1032,Christian,Thornton,98,237.8,M,True
1033,Scott,Ahmed,35,278.0,M,False
1034,Gerald,Moyer,4,148.3,F,False
1035,Terry,Fernandez,5,86.5,M,False
1036,Eugene,Hull,2,84.9,M,False
1037,Patrick,Everett,36,122.2,F,False
1038,Bruce,Hensley,89,279.3,F,False
1039,George,Sherman,98,158.0,M,False
1040,Russell,Golden,97,94.2,F,False
1041,Edward,Escobar,38,266.3,F,True
1042,Stephen,Haynes,8,247.3,M,False
1043,Jeffrey,Mccormick,46,252.3,M,False
1044,Roy,Ruiz,82,237.2,F,False
1045,Harold,Tate,34,153.6,F,True
1046,Logan,Stewart,70,135.9,M,True
1047,Ethan,Camacho,103,265.9,M,True
1048,Samuel,Montgomery,72,259.7,M,True
1049,Raymond,Hess,76,103.6,F,False
1050,Bobby,Herring,104,117.9,M,False
1051,John,Mullins,10,168.3,M,False
1052,Willie,Hess,28,122.2,M,True
1053,Gabriel,Avery,86,87.6,M,False
1054,Jack,Bryan,94,140.1,F,False
1055,Joseph,Finley,83,149.8,F,True
1056,Daniel,Cantu,8,187.4,M,False
1057,Bobby,Vincent,107,277.8,F,False
1058,Andrew,Grimes,70,232.4,M,False
1059,Ralph,Fernandez,28,118.9,M,False
1060,Gary,Whitehead,7,137.4,M,False
1061,Adam,Knapp,63,204.7,M,False
1062,Gabriel,Walton,30,117.8,M,True
1063,Nicholas,Johnson,46,116.0,M,False
1064,Ronald,Phan,94,197.2,F,False
1065,Matthew,Buck,68,129.0,F,False
1066,Samuel,Giles,21,248.7,F,False
1067,Christopher,Jennings,43,272.0,M,False
1068,Frank,Moses,56,167.9,M,False
1069,Gregory,Marks,63,222.4,M,True
1070,Scott,Sandoval,99,236.1,F,False
1071,Kenneth,Tanner,68,278.9,F,False
1072,Steven,Cameron,77,188.0,M,True
1073,James,Wiley,64,154.3,F,False
1074,Charles,Johnston,71,178.3,F,False
1075,Albert,Moon,63,204.3,F,True
1076,Jesse,Phelps,35,254.3,M,False
1077,Logan,Stephens,70,176.7,M,False
1078,Jeremy,Carter,12,85.9,F,False
1079,Sean,Green,8,91.3,F,False
1080,Paul,Mullins,105,127.6,M,False
1081,Jerry,Dickerson,76,228.2,M,False
1082,Eugene,Roach,87,89.9,M,False
1083,Brian,Trujillo,47,262.8,M,True
1084,Dylan,Bowman,68,101.6,F,False
1085,Roy,Duncan,34,162.3,F,False
1086,Brian,Rowland,79,130.4,F,False
1087,John,Woodard,50,203.5,M,False
1088,Charles,Cook,20,277.0,F,False
1089,Paul,Valdez,98,205.2,M,False
1090,Bradley,Melendez,91,92.4,M,False
1091,Henry,Brennan,5,149.5,F,False
1092,Lawrence,Dodson,48,237.0,M,True
1093,Brandon,Velasquez,102,223.2,F,True
1094,Harold,Gregory,37,176.5,F,False
1095,Charles,Camacho,36,265.0,F,True
1096,Ethan,Rhodes,13,170.3,F,True
1097,Raymond,Rodriguez,109,80.2,F,False
1098,Jonathan,Palmer,6,191.3,F,False
1099,Willie,Montgomery,13,207.4,M,False
1100,Samuel,Little,15,244.7,M,True
1101,Joseph,Ayers,38,120.0,F,False
1102,Wayne,Walter,49,178.5,F,False
1103,Thomas,Riley,2,120.9,M,False
1104,Ralph,Stafford,99,241.8,F,False
1105,Alan,Rangel,55,138.5,F,False
1106,Robert,Callahan,7,275.1,M,False
1107,Timothy,Solomon,51,131.1,M,False
1108,Brandon,Salas,81,109.4,M,False
1109,Edward,Soto,45,144.1,M,False
1110,Jordan,Patton,16,182.6,F,False
1111,Dylan,Bender,79,201.4,M,False
1112,Jacob,Carson,39,123.0,M,False
1113,Willie,Pham,93,258.9,F,False
1114,Peter,Savage,56,209.8,M,False
1115,Eugene,Rhodes,39,80.7,F,False
1116,Jason,Schaefer,70,149.9,F,True
1117,Anthony,Merritt,73,179.3,F,True
1118,Gerald,Bernard,33,188.4,M,False
1119,Scott,Stevens,86,250.9,M,False
1120,Frank,Garrett,92,176.0,M,True
1121,Steven,Dalton,9,155.6,F,False
1122,Zachary,Ball,26,95.9,F,False
1123,Tyler,Gates,7,149.2,M,False
1124,Brian,Baldwin,98,270.0,M,True
1125,Robert,Rocha,109,82.6,M,False
1126,Logan,Burgess,13,90.8,M,True
1127,Nathan,Bartlett,70,191.8,M,False
1128,Jerry,Cunningham,80,250.6,F,True
1129,Elijah,Stokes,49,119.2,F,False
1130,Zachary,Collier,2,128.0,F,False
1131,Joshua,Phelps,18,216.8,F,False
1132,Richard,Marshall,76,194.1,M,False
1133,Christopher,Orr,100,222.0,M,False
1134,Patrick,Osborne,110,103.8,F,False
1135,Stephen,Livingston,58,168.2,F,True
1136,Adam,Valenzuela,90,227.8,F,False
1137,Matthew,Grimes,79,263.3,M,False
1138,Jack,Galindo,22,244.1,F,False
1139,Jose,Carson,88,152.2,F,False
1140,Bryan,Jacobs,22,82.0,F,False
1141,Carl,Juarez,37,250.9,M,False
1142,Joshua,French,9,226.8,M,False
1143,Philip,Cardenas,30,188.4,M,True
1144,Harold,Sanders,58,170.3,F,False
1145,Joseph,Santiago,31,204.0,M,False
1146,Robert,Wilkerson,43,266.0,M,False
1147,Roy,Avery,43,255.8,M,True
1148,Billy,Fisher,103,266.7,M,False
1149,Gerald,Hughes,51,109.4,F,False
1150,Brian,Reeves,44,174.5,M,True
1151,Douglas,Marquez,108,210.8,F,False
1152,Benjamin,Welch,100,164.4,M,False
1153,Jeremy,Horton,99,90.7,F,False
1154,Stephen,Rowland,42,98.9,M,False
1155,Philip,Pearson,100,277.5,M,False
1156,Anthony,Sweeney,42,87.2,F,False
1157,Juan,Farrell,64,157.9,F,False
1158,Nathan,Flowers,48,132.6,F,False
1159,Timothy,Hodges,24,184.4,F,False
1160,Carl,Beil,70,125.4,F,True
1161,Aaron,Arnold,50,184.6,M,False
1162,Lawrence,Watts,68,234.6,F,True
1163,Roger,Herman,89,243.9,M,False
1164,Joe,Weeks,107,125.6,F,False
1165,Gregory,Moon,30,121.2,M,False
1166,Ronald,David,11,223.2,F,True
1167,Dylan,Rubio,29,226.1,F,True
1168,Nicholas,Harrell,38,167.9,F,True
1169,Dennis,Steele,24,247.2,F,False
1170,Jose,Burns,109,185.4,F,False
1171,Austin,Ayala,88,257.6,F,False
1172,Adam,Randall,40,148.8,M,False
1173,Ethan,Webb,94,226.4,M,False
1174,Jeremy,Chung,21,175.4,F,False
1175,Gabriel,Faulkner,108,99.3,M,False
1176,Bryan,Tang,41,195.1,F,False
1177,Richard,Martinez,44,121.9,M,True
1178,Paul,Johnston,10,258.1,F,True
1179,Jordan,Waters,78,188.4,F,False
1180,Charles,Cantrell,106,80.6,F,False
1181,Billy,Hensley,65,254.0,M,False
1182,Richard,Warner,23,219.6,M,False
1183,Eugene,Clayton,23,187.0,F,False
1184,Jerry,Mcfarland,34,243.7,F,False
1185,Logan,Ramsey,55,227.8,F,False
1186,Bradley,Huffman,105,99.4,M,False
1187,Ronald,Foley,44,144.5,M,False
1188,Donald,Norton,91,203.6,F,True
1189,Elijah,Salas,17,272.4,F,False
1190,Joseph,Pearson,58,109.8,M,True
1191,Steven,Zamora,17,136.7,F,False
1192,William,Delacruz,19,274.9,F,False
1193,James,Griffith,97,97.0,F,False
1194,Adam,Horne,109,118.2,F,True
1195,Donald,Stokes,85,161.6,M,False
1196,Adam,Barry,52,273.6,F,False
1197,Aaron,Mathis,47,92.8,F,False
1198,Christopher,Bailey,2,89.0,M,True
1199,Randy,Combs,38,235.8,F,False
1200,Bruce,Horn,61,143.9,F,False
1201,Willie,Travis,35,266.3,F,True
1202,Samuel,Gutierrez,94,208.4,M,False
1203,Bruce,Contreras,23,125.7,M,False
1204,Jason,Brandt,63,204.9,F,False
1205,Joseph,Guevara,77,254.7,F,True
1206,Dennis,Beasley,88,161.7,M,True
1207,Christopher,Rubio,87,197.9,M,True
1208,Arthur,Good,34,236.2,F,False
1209,Albert,Barrett,11,115.6,F,False
1210,Kyle,Stanton,90,110.5,F,True
1211,John,Fisher,30,89.2,F,False
1212,Timothy,Dickerson,72,243.6,F,True
1213,Nathan,Griffin,44,244.8,M,True
1214,Donald,Raymond,90,163.2,F,False
1215,Eric,Brennan,88,167.7,M,False
1216,Kenneth,Farmer,63,252.9,F,True
1217,Walter,Gonzalez,26,105.7,F,True
1218,Ronald,Marquez,26,178.9,F,True
1219,Lawrence,Wilson,69,117.6,F,False
1220,Douglas,Maldonado,3,256.4,M,False
1221,Noah,Hernandez,14,115.1,M,False
1222,Harold,Hoover,26,109.0,F,False
1223,Eugene,Atkinson,56,182.7,F,False
1224,Nathan,Bernard,69,197.9,M,True
1225,William,Bauer,86,131.7,F,False
1226,Eugene,Neal,97,242.4,M,False
1227,Brian,Pitts,43,161.5,F,False
1228,Terry,Marks,34,123.6,F,True
1229,Samuel,Garner,98,102.9,F,True
1230,Gregory,Leal,19,107.2,M,False
1231,Christopher,Hail,104,247.4,F,False
1232,Jose,Heath,3,244.7,M,False
1233,Donald,Whitaker,7,85.1,M,False
1234,Ronald,Zavala,55,127.5,M,True
1235,Albert,Marquez,85,239.4,F,False
1236,Peter,Reyes,39,206.2,M,True
1237,Eugene,Harrington,100,130.1,M,False
1238,Russell,Kline,95,159.7,F,True
1239,Frank,Hughes,55,170.7,M,False
1240,Andrew,Anderson,7,145.5,F,False
1241,Paul,Hayden,62,263.1,M,False
1242,Anthony,Monroe,45,163.2,F,False
1243,Scott,Enriquez,81,89.0,M,False
1244,Joseph,Clay,12,200.2,M,False
1245,Patrick,Gillespie,86,198.6,F,False
1246,Jesse,Gilbert,71,131.2,M,False
1247,Kenneth,Beil,56,115.6,M,False
1248,Larry,Hunter,63,156.4,F,False
1249,Jeffrey,Enriquez,67,257.1,F,False
1250,Matthew,Bender,18,211.9,M,False
1251,Kevin,Harrington,6,99.0,M,False
1252,Terry,Garza,20,242.2,F,False
1253,Roger,Lane,68,145.8,F,False
1254,Thomas,Nolan,103,247.7,M,False
1255,Sean,Henderson,94,125.3,M,True
1256,Tyler,Padilla,87,93.2,F,False
1257,Daniel,Reeves,48,131.0,F,True
1258,Russell,Jenkins,13,223.1,M,False
1259,Ryan,Barton,52,151.8,M,False
1260,Jonathan,O’brien,98,116.0,F,False
1261,Bradley,Gill,109,214.1,F,False
1262,Bryan,Compton,69,210.4,F,False
1263,Steven,Reid,100,124.9,F,False
1264,Jonathan,Moreno,93,117.3,M,True
1265,Christian,David,1,97.0,M,False
1266,Mason,Campbell,89,189.3,F,False
1267,James,Lowery,73,112.0,M,False
1268,Gregory,Hodges,1,274.7,F,False
1269,Lawrence,Daniel,96,239.4,M,True
1270,Alexander,Durham,21,207.8,F,False
1271,Christian,Gardner,85,200.4,F,False
1272,Raymond,Miles,56,170.5,M,False
1273,Philip,Bennett,54,184.1,F,False
1274,Arthur,Sandoval,97,104.3,F,True
1275,Alan,Morrison,20,131.1,F,False
1276,Patrick,Sierra,63,243.5,M,False
1277,Vincent,Avery,36,142.0,F,False
1278,Bryan,Goodman,26,135.5,F,False
1279,Mark,Buchanan,2,161.5,F,False
1280,Gary,Guerrero,88,173.0,F,False
1281,William,Dorsey,64,168.3,F,False
1282,Gerald,Randolph,31,211.8,M,False
1283,Timothy,Navarro,95,134.3,M,False
1284,Raymond,Yang,38,211.4,M,False
1285,Walter,Nash,31,115.6,F,True
1286,Harold,Schmidt,95,159.8,M,False
1287,Mark,Jaramillo,19,99.4,F,False
1288,Kyle,Hanson,49,134.4,F,False
1289,Jonathan,Curry,51,253.9,F,True
1290,Randy,Nichols,37,241.9,F,False
1291,Raymond,Espinoza,41,169.5,F,False
1292,Justin,Rogers,104,197.0,F,False
1293,Richard,Ayers,86,171.2,M,False
1294,Bobby,Kramer,97,221.3,F,False
1295,Jacob,Juarez,65,187.5,F,False
1296,Dennis,Gonzalez,53,263.3,M,True
1297,Logan,Cunningham,99,264.7,M,False
1298,Elijah,Walls,27,116.2,M,True
1299,Ralph,Williams,41,251.0,M,False
1300,Joshua,Whitaker,46,210.4,F,False
1301,Eugene,Townsend,88,99.8,F,False
1302,Ryan,Christensen,19,152.9,M,True
1303,Anthony,Hall,101,142.4,F,False
1304,Jordan,Carlson,71,164.5,F,True
1305,Bryan,Duffy,30,98.0,F,False
1306,Timothy,Matthews,63,266.9,M,False
1307,Randy,Archer,11,81.8,F,False
1308,Wayne,Charles,45,81.7,M,True
1309,Jesse,Roberts,54,122.1,M,True
1310,Raymond,Koch,8,144.4,F,False
1311,Brandon,Bell,15,156.9,M,False
1312,Kyle,Lynn,37,108.6,F,False
1313,Edward,Green,41,243.1,M,False
1314,Anthony,Chandler,22,164.3,F,False
1315,Bruce,Freeman,44,249.8,M,False
1316,Eric,Willis,81,173.9,M,True
1317,Stephen,Moore,100,95.6,M,False
1318,Alan,Mathis,1,167.5,M,True
1319,Edward,Roach,92,265.7,M,False
1320,Juan,Lynn,56,245.1,F,False
1321,Carl,Malone,92,203.5,F,False
1322,Dylan,Brooks,92,94.1,M,True
1323,Andrew,Valentine,25,186.5,F,False
1324,Roy,Valdez,37,235.8,F,False
1325,Jose,Griffith,96,201.0,M,False
1326,Jesse,Zimmerman,58,157.8,F,True
1327,Wayne,Franklin,110,206.7,F,False
1328,Russell,Turner,2,198.9,F,True
1329,Michael,Tucker,12,213.7,F,False
1330,Wayne,Compton,27,149.7,F,True
1331,Mason,Larsen,33,84.1,M,True
1332,David,Richardson,83,169.2,F,False
1333,Daniel,Mays,61,94.1,M,False
1334,Zachary,Nolan,70,171.0,F,False
1335,Stephen,Lewis,98,275.9,M,True
1336,Bobby,Dickerson,52,148.8,F,False
1337,Peter,Adams,7,252.8,F,False
1338,Billy,Gutierrez,9,244.1,M,False
1339,Frank,Hoffman,96,98.0,F,True
1340,Justin,Bass,55,96.2,M,True
1341,Patrick,Gregory,20,187.5,M,False
1342,Nathan,Vincent,42,272.9,M,False
1343,Douglas,Tapia,1,159.5,F,False
1344,Vincent,Stanley,52,240.3,M,False
1345,Jack,Price,76,206.1,M,False
1346,Ethan,Fox,107,193.4,M,True
1347,William,Chandler,97,227.2,M,True
1348,Arthur,Patel,42,113.9,F,True
1349,Daniel,Stafford,103,246.1,M,False
1350,Philip,Booth,75,137.0,M,True
1351,Gabriel,Bennett,109,196.5,M,False
1352,Bryan,Nuñez,98,205.2,F,True
1353,Eric,Villarreal,88,140.2,M,False
1354,Larry,Cherry,79,224.4,F,True
1355,Scott,Huffman,69,131.1,F,False
1356,Brandon,Rowe,109,175.7,M,False
1357,David,Contreras,28,181.0,M,False
1358,Larry,Molina,64,190.4,F,False
1359,Andrew,Mcdaniel,54,275.9,M,False
1360,Thomas,Cervantes,22,265.4,F,False
1361,Gerald,Avalos,19,241.2,M,False
1362,Donald,Cherry,48,128.5,M,False
1363,Gregory,Morton,34,124.3,M,False
1364,Jason,Arroyo,6,176.6,M,False
1365,Gabriel,Mason,28,181.5,F,True
1366,Willie,Snow,2,164.4,F,False
1367,Kenneth,Allen,67,245.1,F,False
1368,Joseph,Wiggins,3,216.4,F,True
1369,Bobby,Bradley,2,188.9,F,False
1370,Austin,Roach,27,240.5,F,False
1371,Raymond,Orr,86,125.8,F,False
1372,Jeffrey,Stewart,109,89.6,F,True
1373,Brian,Nolan,44,258.9,M,False
1374,Jonathan,Allison,4,260.5,M,False
1375,Kevin,Elliott,25,260.0,F,False
1376,David,Kramer,40,141.5,F,False
1377,Albert,Cano,64,206.2,F,False
1378,Keith,Willis,21,86.1,M,False
1379,Brandon,Sutton,15,179.5,M,False
1380,Gregory,Yang,75,100.0,M,False
1381,Michael,Carter,17,191.0,F,True
1382,Kenneth,Lara,26,201.7,M,False
1383,Nicholas,Everett,89,207.0,M,False
1384,Noah,Stephens,87,135.5,F,False
1385,Gabriel,Castillo,40,115.9,F,True
1386,Nicholas,Cohen,76,160.2,F,False
1387,John,Magana,78,117.6,M,False
1388,Brian,Phelps,106,197.8,F,False
1389,Sean,Barron,104,109.4,F,False
1390,Roy,Carson,33,181.9,M,True
1391,Bradley,Young,69,185.0,M,False
1392,Jesse,Baker,21,158.7,F,False
1393,Timothy,Torres,10,135.0,F,False
1394,Ralph,Poole,4,279.2,F,False
1395,Mark,Wilson,44,215.4,M,False
1396,Brian,Garza,81,219.3,M,False
1397,Mason,Gates,40,80.3,M,False
1398,Jonathan,Lloyd,107,132.3,F,False
1399,Timothy,Fischer,88,270.5,F,False
1400,Edward,Baxter,46,110.3,M,False
1401,Gregory,Proctor,1,208.8,F,False
1402,Willie,Anthony,13,194.2,M,True
1403,Bradley,Bradshaw,58,162.3,F,False
1404,Joe,House,48,105.6,M,True
1405,Dylan,Barnett,63,153.0,F,False
1406,Willie,Malone,3,179.8,F,False
1407,Kyle,Sullivan,45,195.4,F,False
1408,Jordan,Bradley,69,93.4,F,True
1409,John,Daniels,86,112.2,M,True
1410,Anthony,Mcconnell,88,189.8,M,False
1411,Larry,Leach,65,241.1,F,False
1412,Joshua,Mason,47,128.7,F,False
1413,Bradley,Collier,81,92.6,M,False
1414,Alexander,Grimes,33,80.0,M,False
1415,Roy,Nicholson,86,137.9,M,False
1416,Gerald,Nicholson,31,107.3,M,True
1417,Bruce,Glenn,109,126.6,F,False
1418,Jeremy,Reynolds,89,102.1,F,False
1419,Adam,Bowen,32,180.6,F,False
1420,Alan,Casey,38,94.4,M,False
1421,Joshua,Roman,106,243.8,M,False
1422,Roger,Parrish,19,238.5,F,False
1423,Brandon,Gentry,16,259.7,M,False
1424,Donald,Aguirre,85,168.7,F,True
1425,Jack,Dyer,41,266.3,F,False
1426,Dennis,Gray,110,219.4,M,False
1427,John,Lane,36,230.2,F,False
1428,Mason,Keller,54,244.5,M,True
1429,Austin,Potts,22,271.1,F,False
1430,Russell,Jackson,81,234.4,M,True
1431,Jack,Shaw,8,95.6,F,False
1432,Logan,Hensley,71,145.1,F,True
1433,James,Marquez,79,138.1,M,False
1434,Robert,Martin,110,258.7,M,True
1435,Donald,Pruitt,14,277.1,M,False
1436,Jose,Paul,100,138.5,F,False
1437,William,Grimes,68,144.7,F,False
1438,Arthur,Middleton,41,175.4,M,False
1439,Arthur,Palacios,17,176.9,M,False
1440,Lawrence,Hodge,71,140.5,F,False
1441,Arthur,Savage,7,253.2,F,True
1442,Raymond,Cherry,2,91.9,M,True
1443,Timothy,Acevedo,21,266.7,M,False
1444,Benjamin,Johnson,61,105.0,M,False
1445,Russell,Mathews,73,108.1,M,False
1446,Aaron,Cobb,6,268.1,F,False
1447,Ryan,Holland,30,100.8,F,False
1448,Anthony,Brennan,110,251.2,M,False
1449,Richard,Olsen,58,96.7,M,True
1450,Gabriel,Tang,5,147.9,M,True
1451,Frank,Lucas,54,243.1,F,False
1452,Samuel,Barrett,77,102.0,M,True
1453,Vincent,Kramer,38,271.8,F,False
1454,Ronald,Yoder,46,253.9,M,False
1455,Arthur,Wallace,33,272.7,F,False
1456,Joshua,Roth,102,164.1,M,False
1457,Arthur,Armstrong,6,99.6,M,False
1458,Logan,Ochoa,27,173.7,F,True
1459,Tyler,Salinas,51,107.0,M,False
1460,Samuel,Barker,5,215.3,F,False
1461,Philip,Copeland,40,121.0,F,False
1462,Jordan,Boone,10,175.2,F,False
1463,Bradley,Leon,13,94.5,M,False
1464,Juan,Henry,76,174.0,F,False
1465,Jason,Jackson,104,218.7,F,False
1466,Brian,Meyers,52,150.3,M,False
1467,Matthew,Barnett,92,196.8,M,False
1468,Kyle,Wong,61,186.1,M,False
1469,Larry,James,81,264.7,M,True
1470,Randy,Mccullough,96,122.8,F,False
1471,Gerald,Beasley,47,236.4,M,False
1472,Brian,Dean,77,152.1,M,False
1473,Bradley,Castaneda,53,104.2,M,False
1474,Tyler,Lambert,17,88.4,M,True
1475,Jeremy,Shields,59,273.2,F,False
1476,Jeremy,Dawson,45,135.4,F,False
1477,Bryan,Zimmerman,71,266.0,F,False
1478,Juan,Rivas,96,262.8,F,False
1479,Austin,Lin,16,87.5,F,True
1480,Ronald,Chang,85,182.5,F,False
1481,Arthur,Rosario,5,194.0,F,False
1482,Joseph,Nash,48,140.4,M,False
1483,Edward,Wallace,32,252.0,M,False
1484,Bobby,Hood,61,94.9,F,False
1485,Arthur,Kent,45,188.2,M,True
1486,Bruce,Jennings,26,121.1,M,False
1487,Dylan,Black,104,192.2,F,False
1488,Noah,Douglas,70,166.8,M,True
1489,Jeffrey,Tyler,54,216.8,F,False
1490,Jeffrey,Alexander,63,123.2,M,False
1491,Sean,Farrell,21,199.4,M,False
1492,Matthew,Beard,64,112.7,M,False
1493,Aaron,Stafford,20,200.6,M,False
1494,Samuel,Bean,48,125.5,M,False
1495,Jesse,Mendez,89,169.0,M,False
1496,Sean,Horton,15,122.3,M,True
1497,David,Banks,87,127.1,M,True
1498,Carl,Reed,35,152.7,F,False
1499,Frank,Jennings,14,166.6,M,False
1500,Gabriel,Whitney,11,157.9,M,False
1501,Logan,Mccann,16,272.9,M,False
1502,Bobby,Franco,78,207.3,M,False
1503,Willie,Bowman,76,100.7,F,False
1504,Daniel,Harrison,96,147.7,M,False
1505,Robert,Wilkerson,46,266.2,F,False
1506,Nicholas,Wilkerson,5,171.8,F,False
1507,Jeremy,Dean,68,275.9,M,False
1508,Terry,O’connell,65,206.6,F,False
1509,Walter,Vance,51,85.3,F,False
1510,Jesse,Travis,79,201.9,F,True
1511,Juan,Sparks,89,257.8,M,False
1512,Willie,Morse,22,221.6,M,False
1513,Scott,Estrada,71,204.4,F,False
1514,Carl,Davis,36,255.6,M,False
1515,Elijah,Nielsen,60,119.4,M,True
1516,Walter,Fields,75,194.9,M,False
1517,Roy,Howard,77,95.3,M,False
1518,Timothy,Santana,12,214.4,M,False
1519,Roy,Jennings,94,101.1,M,False
1520,Anthony,Coleman,41,111.0,M,False
1521,Russell,Lee,56,140.0,M,True
1522,Gregory,Hinton,23,167.9,F,True
1523,Edward,Mcconnell,54,197.1,F,False
1524,Gary,Yang,43,224.8,M,False
1525,Jason,Ray,81,220.7,M,False
1526,Daniel,Collier,74,274.8,M,False
1527,Richard,Melton,49,117.6,M,False
1528,John,Olsen,59,190.6,M,False
1529,Anthony,Nash,25,168.9,F,False
1530,Dylan,Villarreal,76,96.2,F,True
1531,Gerald,Alexander,7,249.8,F,False
1532,Ralph,Santiago,27,91.7,F,False
1533,Jerry,Peck,61,82.3,M,False
1534,Terry,Hammond,40,219.0,F,False
1535,Jerry,Stanton,1,229.9,F,True
1536,Ronald,Stone,19,277.6,M,False
1537,William,Bauer,77,252.3,F,False
1538,Christian,Macdonald,14,160.3,M,False
1539,Scott,Santos,16,105.2,F,False
1540,Gerald,Huffman,106,103.9,M,False
1541,Frank,Clarke,69,149.9,F,True
1542,Edward,Dickerson,100,179.9,M,False
1543,Joe,Smith,99,83.5,F,False
1544,John,Ballard,14,163.9,F,False
1545,Steven,Hess,42,133.2,F,True
1546,Bradley,Miranda,21,91.1,M,False
1547,Ryan,Zimmerman,94,85.0,F,False
1548,Jose,Abbott,102,92.7,F,False
1549,Carl,Sherman,95,123.8,M,False
1550,Raymond,Sweeney,30,257.4,M,False
1551,Joseph,Ward,36,214.3,F,False
1552,Bobby,Savage,33,152.1,F,False
1553,Alexander,Yoder,93,82.2,F,False
1554,Austin,Preston,14,180.9,M,False
1555,Henry,Ayers,37,122.0,F,False
1556,Roy,Joseph,18,211.8,M,False
1557,John,Stokes,4,148.9,F,False
1558,Daniel,Ponce,76,163.4,M,False
1559,Edward,Richmond,65,137.1,M,True
1560,Thomas,Cameron,109,116.3,M,False
1561,Stephen,Nichols,71,87.3,M,True
1562,Jerry,O’neal,36,231.0,F,True
1563,Walter,Hodge,33,100.4,M,True
1564,Edward,Espinoza,109,185.5,F,False
1565,Andrew,Guzman,68,119.5,F,True
1566,Alan,Stafford,54,222.3,M,False
1567,Willie,Brown,105,117.6,F,True
1568,Brandon,Gentry,89,280.0,F,False
1569,Dennis,Mclaughlin,17,93.1,M,True
1570,Keith,Hood,57,236.4,M,False
1571,Patrick,Montoya,108,93.9,M,False
1572,Noah,Shannon,32,126.1,F,False
1573,Nathan,Weiss,109,127.6,M,False
1574,Bradley,Lloyd,77,167.0,M,True
1575,Jesse,Allen,75,193.6,M,False
1576,Logan,Barker,63,263.6,F,False
1577,Mark,Snyder,21,102.9,F,False
1578,Kyle,Vincent,109,130.4,M,False
1579,Joe,Bryant,43,253.4,F,False
1580,Matthew,Barry,42,126.1,F,False
1581,Larry,Torres,87,151.1,F,False
1582,Bruce,Velez,83,181.4,F,False
1583,Ryan,Taylor,50,93.8,M,False
1584,David,Morales,61,166.7,M,False
1585,Brandon,Coffey,92,159.8,F,False
1586,Jack,Chan,96,253.2,M,False
1587,Timothy,Terrell,57,269.6,M,True
1588,Jack,Patterson,99,259.2,F,False
1589,Jordan,Parrish,17,142.3,M,False
1590,Frank,Nicholson,109,191.5,F,False
1591,Mark,Jefferson,46,218.8,M,False
1592,Adam,Harrington,37,237.2,F,True
1593,Randy,Mejia,41,220.6,F,True
1594,Richard,Vaughan,99,244.2,F,False
1595,Ralph,Roth,50,170.7,F,False
1596,Benjamin,Luna,92,180.5,F,False
1597,Ryan,King,17,248.5,F,False
1598,Albert,Armstrong,96,201.5,M,False
1599,Jeremy,Ford,62,208.1,M,False
1600,Terry,Ahmed,61,117.3,M,False
1601,Paul,Jennings,103,278.9,M,False
1602,Vincent,Gilmore,2,126.7,F,True
1603,George,Franklin,28,127.4,F,False
1604,Noah,Berger,100,80.7,M,True
1605,Raymond,Gibson,51,153.6,F,False
1606,Bradley,Bowers,40,217.0,F,False
1607,Larry,Xiong,68,278.1,M,False
1608,Kevin,Salas,62,125.0,M,False
1609,Bradley,Valentine,74,243.5,F,False
1610,Gary,Hill,95,179.6,M,False
1611,Bradley,Swanson,21,117.9,F,False
1612,Roy,Dyer,38,228.2,F,False
1613,Justin,Doyle,52,186.9,F,True
1614,Mark,Beard,44,216.6,M,False
1615,Logan,Freeman,60,227.8,F,False
1616,Michael,Moody,55,256.5,F,False
1617,Jack,Snow,40,207.0,M,True
1618,Russell,Salinas,46,136.4,F,False
1619,Billy,Shaffer,20,275.1,F,False
1620,Philip,Cox,109,279.9,M,False
1621,Roy,Peterson,93,178.9,F,False
1622,Michael,Kelly,42,154.1,M,False
1623,Jesse,Hartman,70,271.9,F,False
1624,William,Knight,108,94.0,F,True
1625,William,Mcclure,84,107.0,M,False
1626,Samuel,Kennedy,105,197.5,F,False
1627,Jason,Cochran,78,138.0,M,False
1628,Ronald,Patel,21,210.8,M,False
1629,Billy,Wheeler,84,117.3,F,False
1630,Randy,Hutchinson,22,270.9,M,True
1631,Raymond,Mayo,22,93.0,F,False
1632,Samuel,Vance,69,263.1,F,False
1633,Patrick,Hart,26,194.1,M,False
1634,Bradley,Lawrence,1,162.1,M,False
1635,Jonathan,Harvey,68,95.3,M,False
1636,Albert,Fischer,103,271.5,F,False
1637,Frank,Douglas,10,101.9,F,False
1638,Paul,Michael,37,197.3,M,True
1639,George,Sherman,86,235.2,M,False
1640,Ralph,Griffin,60,125.4,M,False
1641,Matthew,Caldwell,65,104.5,F,True
1642,Gary,Wilkins,30,259.6,F,False
1643,Alexander,Wiggins,16,86.7,F,False
1644,Gabriel,Henson,57,123.3,M,False
1645,Ronald,Tanner,106,165.3,F,False
1646,Wayne,Sweeney,61,206.5,F,False
1647,Mason,Wood,54,139.1,M,False
1648,Bobby,Cisneros,51,234.2,M,False
1649,Dylan,Anderson,61,207.7,M,True
1650,Scott,Orozco,5,163.6,F,False
1651,Steven,Miranda,94,202.7,M,False
1652,Harold,Warren,77,277.8,F,False
1653,Paul,Potts,6,101.3,F,False
1654,Dylan,Ross,49,166.6,F,False
1655,Andrew,Gordon,27,159.1,M,False
1656,Brian,Sheppard,99,126.2,F,False
1657,Keith,Craig,69,209.3,F,False
1658,Bryan,Mora,65,216.9,F,False
1659,Roger,Navarro,63,139.3,M,True
1660,Bobby,Ayers,30,212.6,F,False
1661,Mark,Montoya,15,214.1,M,True
1662,Larry,Trujillo,39,235.4,M,False
1663,Daniel,Murphy,23,248.8,F,False
1664,John,Mckenzie,59,252.3,F,False
1665,Brandon,Landry,35,195.7,F,False
1666,Roger,Pruitt,78,199.9,M,False
1667,Robert,King,32,100.2,M,True
1668,Ryan,Muñoz,28,201.3,F,False
1669,Arthur,Huerta,91,279.1,M,False
1670,Billy,Stevens,101,204.0,M,False
1671,Thomas,Mckenzie,100,85.9,M,False
1672,Terry,Villalobos,44,245.0,F,False
1673,Alexander,Waller,100,144.8,F,False
1674,Ronald,Muñoz,85,228.0,M,False
1675,Peter,Fleming,51,124.0,M,False
1676,Elijah,Ortiz,38,109.9,F,False
1677,Patrick,Morrow,41,219.2,M,False
1678,Aaron,Blackburn,27,178.5,M,True
1679,William,Delgado,51,270.3,F,False
1680,Joshua,Valdez,57,246.5,F,False
1681,Sean,Hunt,28,126.8,F,False
1682,Russell,Greer,103,164.3,M,False
1683,Larry,Stafford,8,89.9,F,False
1684,Bryan,Miller,6,151.6,F,False
1685,Austin,Ochoa,43,171.6,M,False
1686,Logan,Erickson,20,232.8,M,False
1687,Carl,Quintero,51,275.1,F,False
1688,Thomas,Moreno,77,179.3,F,False
1689,Bryan,Clark,98,136.8,M,True
1690,Timothy,Mata,37,213.2,M,False
1691,Roy,Short,69,192.3,F,False
1692,Gabriel,Rose,48,168.7,F,False
1693,Gabriel,York,53,228.8,F,False
1694,Joshua,Walter,96,264.3,F,False
1695,Gary,Raymond,24,129.1,F,True
1696,Bobby,Andersen,65,184.2,M,False
1697,Walter,Kennedy,93,124.5,F,False
1698,Ethan,Reid,15,202.8,M,False
1699,Joshua,Lowery,101,82.2,M,False
1700,Daniel,Lugo,51,145.5,F,True
1701,Matthew,Goodwin,6,138.2,F,False
1702,Jacob,Henson,103,216.9,F,True
1703,Steven,Frost,80,216.8,F,False
1704,Justin,Buck,92,80.5,F,False
1705,Eugene,Rangel,55,268.3,M,False
1706,Frank,Armstrong,44,221.1,M,False
1707,Raymond,Perkins,104,239.7,F,False
1708,Lawrence,Moreno,40,177.9,M,False
1709,Jack,Mejia,104,95.1,F,False
1710,Dennis,Barnes,7,262.6,F,False
1711,Charles,Bates,49,276.3,M,True
1712,Austin,Combs,36,261.4,F,True
1713,Alan,Pittman,3,181.8,F,True
1714,Kevin,Frye,51,214.1,F,True
1715,Henry,Crawford,88,228.6,F,False
1716,Jonathan,Larson,22,107.6,F,False
1717,William,Wolf,3,100.4,F,False
1718,Douglas,Shaffer,83,199.1,F,False
1719,Sean,Marquez,97,226.3,M,False
1720,Alexander,Magana,45,104.2,F,False
1721,Adam,Sanford,29,274.6,M,False
1722,Lawrence,Thomas,36,279.9,M,False
1723,Jason,Fletcher,92,203.5,M,False
1724,Steven,Jordan,36,105.6,M,False
1725,Austin,Bowman,37,260.9,M,False
1726,Henry,Hendrix,85,183.0,F,False
1727,William,Horton,41,87.8,F,False
1728,Stephen,Garcia,93,209.0,F,False
1729,William,Carson,105,176.7,M,True
1730,Steven,Sweeney,101,232.6,M,True
1731,David,Kelley,9,155.2,F,False
1732,Nathan,Delgado,44,94.7,M,False
1733,Eric,Day,75,113.8,F,False
1734,Jordan,Mills,58,165.8,F,False
1735,Jesse,Buck,39,223.4,M,False
1736,Gabriel,Cortéz,19,131.8,M,False
1737,Brandon,Lozano,97,102.3,M,False
1738,Ronald,Harmon,47,171.5,F,False
1739,Jordan,Tran,4,125.4,M,True
1740,Ronald,Baker,62,234.3,F,False
1741,John,Owen,23,109.3,M,False
1742,Albert,Blair,27,166.2,M,False
1743,Ronald,Flowers,45,195.8,M,True
1744,John,Velazquez,56,196.1,M,False
1745,Patrick,Barron,35,126.7,F,False
1746,Gregory,Rice,100,237.9,M,False
1747,Gary,Stout,40,117.3,M,False
1748,Douglas,Grimes,87,179.5,F,False
1749,Stephen,Fitzpatrick,98,254.3,F,False
1750,Willie,Morales,95,107.3,M,False
1751,Peter,Santana,95,115.9,F,False
1752,Benjamin,Decker,84,242.5,F,False
1753,Wayne,Watts,98,148.1,M,False
1754,Mark,Deleon,98,108.9,M,False
1755,Harold,Figueroa,6,271.5,F,False
1756,Samuel,Velez,76,117.4,M,False
1757,Scott,Zimmerman,34,107.7,M,True
1758,Richard,Stout,82,104.8,M,False
1759,Gerald,Orozco,58,110.5,F,True
1760,Tyler,Fox,81,182.9,F,True
1761,Elijah,Nolan,102,236.3,F,True
1762,Matthew,Donovan,49,230.0,F,False
1763,Billy,Higgins,7,99.2,F,False
1764,Matthew,Rosario,6,224.8,M,False
1765,Vincent,Peterson,60,234.0,M,False
1766,Arthur,Booth,82,228.5,M,False
1767,Ryan,Cline,86,207.9,F,False
1768,Jerry,Weber,68,213.2,F,False
1769,Edward,Davis,48,209.0,M,False
1770,Jonathan,Coleman,89,229.5,F,False
1771,Henry,Delarosa,65,150.6,M,False
1772,Elijah,Hernandez,35,261.0,M,True
1773,Larry,Nicholson,41,221.2,F,False
1774,Paul,Davis,102,248.3,F,False
1775,Joshua,Delacruz,99,115.8,F,False
1776,Mark,Thornton,12,167.1,F,False
1777,Jack,Stephenson,65,179.4,F,False
1778,Nicholas,Bryant,80,266.6,F,True
1779,Steven,Taylor,18,229.0,M,True
1780,Christopher,Washington,94,163.8,F,False
1781,Alexander,Lawson,65,115.3,M,False
1782,Jeremy,Byrd,19,276.7,M,False
1783,Timothy,Peña,67,246.9,F,False
1784,Peter,Freeman,67,241.7,F,False
1785,Jerry,Leon,10,153.7,F,True
1786,Wayne,Conrad,18,133.9,F,False
1787,Richard,Johnston,54,256.1,F,False
1788,Vincent,Norton,28,132.0,F,True
1789,Kyle,Koch,98,168.5,M,False
1790,Steven,Lester,60,198.2,F,False
1791,Jerry,Brock,46,188.6,M,False
1792,Jose,Murray,26,181.9,M,False
1793,Eugene,Sellers,67,241.8,M,True
1794,John,Chung,3,129.7,F,False
1795,Billy,Gilbert,38,182.3,F,False
1796,Dennis,Aguirre,38,123.5,M,False
1797,Robert,Tate,42,197.9,M,False
1798,Christian,Herring,48,235.1,M,False
1799,Samuel,Black,21,256.9,M,True
1800,Jonathan,Pitts,109,263.2,M,True
1801,Steven,Sherman,57,145.5,M,False
1802,Peter,Alexander,11,251.6,F,False
1803,Noah,Jordan,76,226.9,M,False
1804,Jack,Hudson,2,127.5,F,False
1805,Gerald,Lu,103,169.8,M,False
1806,Elijah,Miranda,32,227.6,M,True
1807,Jeffrey,Shepard,45,80.9,M,False
1808,Douglas,Randall,104,213.4,M,True
1809,Sean,Palmer,5,83.8,F,False
1810,Gabriel,Huerta,96,222.3,M,False
1811,Stephen,Mccormick,70,95.6,M,False
1812,Austin,West,62,157.5,M,False
1813,Jose,Palmer,95,145.4,F,False
1814,Brian,Kirk,1,192.6,M,True
1815,Raymond,Ingram,48,142.2,F,True
1816,Scott,Moss,106,113.5,M,False
1817,Paul,Underwood,39,136.7,M,False
1818,Willie,Elliott,19,169.0,M,False
1819,Jason,Dickerson,48,229.0,M,False
1820,Paul,Knapp,96,210.8,F,False
1821,Justin,Patrick,77,92.8,M,False
1822,Bradley,Salinas,5,93.5,M,True
1823,Donald,Mathews,31,81.8,M,False
1824,Stephen,Stafford,71,262.2,F,False
1825,Jose,Burgess,78,167.7,F,False
1826,Donald,Austin,19,82.7,F,True
1827,Thomas,Wallace,90,252.3,F,True
1828,Dennis,Chan,77,109.8,M,False
1829,Keith,Wu,60,239.8,F,False
1830,Bryan,Morton,59,195.8,F,False
1831,Steven,Cox,52,144.0,M,False
1832,Jacob,Thomas,84,163.5,M,False
1833,Harold,Garza,89,263.8,M,False
1834,John,Mack,19,252.8,M,False
1835,Anthony,Horne,13,247.0,F,True
1836,Benjamin,Shaw,79,93.4,F,False
1837,Timothy,Conrad,13,191.5,M,True
1838,Kyle,Suarez,42,200.1,M,False
1839,Bryan,Ramirez,46,187.8,M,False
1840,Joe,Gallagher,10,191.4,F,False
1841,George,Curry,100,151.1,M,False
1842,Jacob,Galindo,6,105.0,F,False
1843,Zachary,Hartman,52,132.2,F,True
1844,Russell,Travis,12,93.4,F,False
1845,Nathan,Fischer,45,127.0,M,False
1846,Carl,Mora,84,109.1,F,False
1847,Elijah,Carlson,60,151.4,F,False
1848,Ralph,Combs,43,138.9,M,False
1849,Steven,Allison,36,135.6,M,False
1850,Mark,Bautista,75,103.7,M,True
1851,Gregory,Howe,60,89.6,F,False
1852,Walter,Marsh,12,199.3,F,False
1853,Ralph,Carlson,75,249.0,F,False
1854,Daniel,Cox,16,174.0,M,False
1855,Gerald,Mcpherson,50,178.7,M,False
1856,Randy,Benjamin,22,223.9,F,False
1857,Henry,Mcclure,57,241.2,F,False
1858,Benjamin,Bernal,68,142.7,F,False
1859,Albert,Savage,14,229.5,F,False
1860,Gabriel,Simpson,96,115.7,F,False
1861,Douglas,Portillo,93,255.6,M,False
1862,Kevin,Mcclain,57,81.4,M,False
1863,Ethan,Parks,98,129.7,F,True
1864,Kenneth,Mcguire,13,261.0,M,False
1865,Austin,Guevara,103,194.7,M,False
1866,Ethan,Cervantes,72,195.9,M,False
1867,Henry,Medrano,43,133.6,M,False
1868,Eric,Swanson,74,276.7,M,False
1869,John,Sharp,16,97.7,M,False
1870,Wayne,Kirk,77,206.1,M,False
1871,Christopher,Archer,17,221.0,M,False
1872,Ralph,Arias,65,134.7,M,True
1873,Ralph,Duran,52,199.6,F,True
1874,Vincent,Ho,59,216.3,F,False
1875,Andrew,Mcdowell,87,147.9,F,False
1876,Richard,Kramer,47,120.5,F,False
1877,Mason,Rich,90,263.9,M,False
1878,Jerry,Ochoa,12,244.7,M,False
1879,Keith,Vasquez,77,185.3,M,False
1880,John,Stein,85,246.7,M,True
1881,Randy,Hopkins,110,208.9,F,False
1882,Roy,Griffith,50,155.6,M,False
1883,Justin,Stevens,53,204.2,M,False
1884,Gregory,Daniels,23,175.3,F,False
1885,Albert,Wu,64,101.3,M,True
1886,Edward,Lewis,13,177.1,F,False
1887,Russell,Carey,105,158.9,M,True
1888,Anthony,Schneider,102,183.0,M,False
1889,Bruce,Lara,72,211.1,F,False
1890,Arthur,Sherman,5,215.6,M,False
1891,Logan,Manning,15,276.5,F,False
1892,Jordan,Farrell,6,271.7,F,False
1893,Philip,Hodge,19,274.0,M,True
1894,Steven,Walter,45,139.0,F,False
1895,Samuel,Calhoun,65,276.5,M,False
1896,Mark,Andrews,45,184.1,F,False
1897,Michael,Vance,91,96.9,M,False
1898,Randy,Mccann,95,96.4,M,False
1899,Ethan,Castillo,79,195.6,M,False
1900,Gary,Gonzales,49,124.3,M,False
1901,Anthony,Price,39,80.1,M,False
1902,Noah,Phillips,62,114.4,M,True
1903,Ryan,Wilson,32,253.2,M,True
1904,Bruce,Compton,9,173.9,F,False
1905,Donald,Leblanc,92,138.7,F,False
1906,Gerald,Beltran,103,201.8,M,False
1907,Steven,Mendez,64,96.5,F,False
1908,Ronald,Jefferson,54,81.0,M,False
1909,Jacob,Prince,75,262.8,M,False
1910,Adam,Chandler,58,245.4,M,False
1911,Aaron,Joseph,66,88.1,F,False
1912,Harold,Ortiz,79,275.2,F,False
1913,Brandon,Duncan,25,207.4,M,True
1914,Mason,Alfaro,68,245.2,F,False
1915,Joseph,Faulkner,14,172.7,F,False
1916,Gary,Marks,75,149.9,M,False
1917,Dennis,Joseph,52,185.4,M,False
1918,Willie,Esquivel,25,117.3,F,True
1919,Kevin,Colón,91,96.4,M,False
1920,Harold,Potter,62,162.2,F,False
1921,Raymond,Blackwell,109,242.5,F,False
1922,Eugene,Sheppard,86,133.8,M,True
1923,Dylan,Rios,5,178.4,F,False
1924,Jonathan,Cline,35,244.4,M,False
1925,Christopher,Gray,109,158.3,F,False
1926,Gregory,Guevara,58,193.6,M,False
1927,Arthur,Payne,109,233.7,F,False
1928,Daniel,Beck,19,195.3,F,False
1929,Gregory,Palacios,59,267.8,M,False
1930,Dennis,Woodard,71,196.4,M,False
1931,Ethan,Chan,24,224.4,F,True
1932,Scott,Kane,59,157.7,F,False
1933,Eric,Vega,10,145.4,F,False
1934,Alexander,Rosas,102,247.9,F,False
1935,Christopher,Duncan,76,260.5,M,True
1936,Nathan,Caldwell,19,104.2,M,True
1937,Jacob,Berry,42,212.1,M,False
1938,Kyle,Gardner,30,202.3,M,False
1939,Ronald,Truong,29,195.5,F,False
1940,Mark,Henry,33,142.2,F,False
1941,Brian,Gonzales,80,172.7,F,False
1942,Ronald,Allison,59,211.1,F,False
1943,Ryan,Mahoney,17,157.5,M,False
1944,Andrew,May,27,216.7,F,False
1945,Harold,Flowers,27,119.3,F,False
1946,Justin,Whitehead,90,167.4,M,False
1947,Matthew,Marshall,109,97.9,F,False
1948,Charles,Sierra,18,84.0,M,False
1949,Kenneth,Booker,104,124.1,M,False
1950,Edward,Kirby,38,158.4,F,False
1951,Christopher,Benton,31,216.9,M,False
1952,Billy,Cain,65,269.4,F,False
1953,Walter,Hickman,12,124.0,F,False
1954,Timothy,Leblanc,23,147.6,M,True
1955,Zachary,Cline,80,191.5,F,False
1956,Roger,Wise,66,179.7,M,True
1957,Jesse,Dennis,71,223.6,M,False
1958,Roger,Mclaughlin,40,246.8,F,False
1959,Jason,Mckenzie,23,163.4,M,False
1960,Anthony,Frederick,59,139.4,M,False
1961,Michael,Park,37,192.0,F,False
1962,Ryan,Sullivan,17,152.8,M,False
1963,Wayne,Flynn,103,226.6,F,False
1964,Gabriel,Durham,2,130.0,F,False
1965,Philip,Gibson,16,184.1,M,False
1966,David,Short,105,271.1,M,True
1967,Gary,Sweeney,90,264.9,F,False
1968,Jerry,Dean,64,180.8,M,False
1969,Michael,Holland,51,169.6,M,False
1970,Justin,Mcfarland,22,121.5,M,True
1971,Gregory,Lewis,8,123.6,F,False
1972,Gabriel,Conley,72,131.5,F,True
1973,Frank,Richardson,52,244.1,M,True
1974,Scott,Watson,20,251.8,F,False
1975,Anthony,Peters,32,278.4,F,True
1976,Russell,Cunningham,80,189.7,M,False
1977,Roger,Owen,37,166.0,F,False
1978,Paul,Higgins,45,80.6,M,False
1979,Gerald,Herman,25,187.5,F,False
1980,Terry,Esparza,66,153.7,M,False
1981,Zachary,Farmer,20,135.2,M,False
1982,Brandon,Moore,23,190.6,M,False
1983,Austin,Charles,37,272.8,F,False
1984,Daniel,Mendoza,32,172.5,F,False
1985,Richard,Patterson,25,125.0,M,True
1986,Larry,Yates,92,227.6,F,False
1987,Kevin,Murillo,1,261.9,F,True
1988,Eric,Medrano,95,278.5,F,True
1989,Raymond,Rocha,8,213.8,F,False
1990,Tyler,Hendrix,26,107.0,M,False
1991,David,Delgado,53,240.4,F,False
1992,Jesse,Buckley,73,117.6,M,False
1993,Roger,Hartman,63,266.2,F,False
1994,Anthony,Myers,67,177.9,F,False
1995,Eugene,Torres,26,211.0,F,False
1996,Jeremy,Richard,86,90.1,M,False
1997,Billy,Russell,9,223.1,M,False
1998,Patrick,Goodman,103,256.9,M,False
1999,Randy,Zamora,95,222.5,F,False
2000,Logan,Arroyo,86,242.6,M,False
2001,Raymond,Hayes,4,239.2,F,True
2002,Dennis,Mullen,11,196.8,M,False
2003,Bryan,Perry,103,85.6,F,True
2004,Christopher,Hull,27,247.9,F,False
2005,Billy,Jimenez,8,221.3,F,False
2006,John,Ellison,64,261.0,F,True
2007,Billy,Bowen,80,204.9,F,True
2008,Bryan,Zamora,93,172.6,M,False
2009,Willie,Richard,19,182.4,M,True
2010,Thomas,Dillon,73,136.9,F,False
2011,Juan,Sawyer,82,236.8,F,False
2012,Brandon,Brewer,44,113.2,F,True
2013,Kenneth,Benjamin,69,186.1,F,False
2014,Bradley,Rogers,50,197.6,M,True
2015,Jordan,Eaton,55,99.5,F,False
2016,Alexander,Gillespie,89,278.3,M,False
2017,Alan,Grimes,92,262.1,M,False
2018,Jack,Burton,9,189.5,M,True
2019,Anthony,Gordon,90,243.4,M,False
2020,Kyle,Guerrero,29,86.3,F,False
2021,Randy,Roach,83,96.2,M,True
2022,Bobby,Person,69,83.9,M,False
2023,Christian,Keith,8,117.7,F,False
2024,Daniel,Bradford,70,215.6,F,True
2025,Sean,Charles,99,204.1,F,False
2026,Joseph,Gross,1,276.2,M,False
2027,George,Magana,102,259.3,F,False
2028,Matthew,Shelton,83,263.3,F,False
2029,Bryan,Bennett,12,80.4,M,False
2030,Tyler,Boyer,105,159.7,F,False
2031,Paul,Mills,48,190.4,M,False
2032,Patrick,Nuñez,99,119.1,F,False
2033,James,Reynolds,50,214.3,M,False
2034,Elijah,Booth,64,87.1,M,False
2035,Bruce,Robinson,4,264.4,M,False
2036,Paul,Reynolds,27,145.9,F,False
2037,John,Townsend,56,89.8,F,False
2038,Harold,Underwood,37,267.1,M,False
2039,Philip,Davila,70,156.9,M,False
2040,Arthur,Brooks,90,197.0,M,True
2041,Gabriel,Wise,60,86.3,M,False
2042,Vincent,Barajas,102,172.4,F,False
2043,Charles,Hunter,33,83.2,F,False
2044,Kyle,Larsen,94,112.7,F,False
2045,Roy,Hopkins,59,252.2,M,False
2046,Mark,Shaffer,66,270.2,M,False
2047,Andrew,Haley,110,148.5,F,False
2048,Frank,Anthony,37,119.5,M,False
2049,Nathan,Stanton,58,193.3,M,False
2050,Roy,Pratt,38,159.1,F,False
2051,Jordan,Bush,87,243.3,F,False
2052,Edward,Wong,4,147.4,M,False
2053,Jose,Coffey,19,125.9,F,False
2054,Willie,Huang,61,149.8,M,False
2055,Alexander,Mccann,80,271.6,M,False
2056,Noah,Allen,96,195.0,F,False
2057,Daniel,Baxter,98,179.1,F,False
2058,Carl,Hall,52,247.7,M,False
2059,Henry,Wade,72,129.5,M,False
2060,Ryan,Horn,32,141.8,F,False
2061,Bradley,Ellis,34,242.4,F,False
2062,Alan,Garner,93,256.6,F,False
2063,Anthony,Best,91,272.7,M,False
2064,Eugene,Shah,31,125.1,F,False
2065,Bryan,Church,42,181.6,M,False
2066,Albert,Snow,96,138.5,M,False
2067,Timothy,Saunders,58,163.9,M,False
2068,Frank,Bennett,63,141.3,M,False
2069,Gary,O’connell,41,86.0,F,True
2070,Michael,Mahoney,101,111.7,F,False
2071,Eric,Calhoun,33,224.2,M,True
2072,Tyler,Day,79,262.9,F,False
2073,Bryan,Osborne,78,241.0,F,False
2074,Gerald,Rivers,19,280.0,F,False
2075,Dylan,Harper,29,196.6,F,False
2076,Philip,Ibarra,16,159.5,M,False
2077,Patrick,Stanton,19,230.3,M,False
2078,Ralph,Enriquez,99,200.7,F,True
2079,Nicholas,Rivas,80,161.4,F,True
2080,Kevin,Abbott,9,197.3,F,False
2081,Kyle,Hinton,35,87.3,F,True
2082,Ryan,Felix,58,169.2,M,False
2083,Donald,Vincent,72,138.2,M,False
2084,Ethan,Allison,107,200.6,F,False
2085,Matthew,Davila,100,170.2,M,False
2086,Christopher,Norton,10,107.4,F,False
2087,Edward,Vasquez,42,145.3,F,False
2088,Jeremy,Foster,60,196.3,F,False
2089,Roy,Good,20,219.9,M,False
2090,Justin,Bell,35,144.5,M,False
2091,Jonathan,Alfaro,89,166.3,F,False
2092,Sean,Hamilton,72,126.6,M,False
2093,Juan,Hail,66,255.9,F,False
2094,Tyler,Hanson,71,85.0,F,True
2095,Dylan,Christensen,7,184.4,F,False
2096,Peter,Hubbard,13,260.7,F,False
2097,Ryan,Peck,39,194.8,M,False
2098,Richard,Ashley,87,139.2,M,False
2099,Larry,Perry,43,260.8,F,True
2100,Joe,Powers,87,130.9,F,False
2101,Timothy,Freeman,31,206.1,M,False
2102,Raymond,Hansen,17,224.1,M,False
2103,Keith,Cardenas,106,250.8,F,False
2104,Matthew,Alvarado,48,88.0,F,False
2105,Albert,Gregory,88,86.0,F,True
2106,Dylan,Ball,100,183.3,F,False
2107,Roger,Peck,69,246.9,F,False
2108,Sean,Rocha,81,213.7,F,False
2109,Bobby,Roberson,47,87.0,M,False
2110,Samuel,Lin,25,238.8,M,False
2111,Lawrence,Yu,77,178.5,M,False
2112,Samuel,Warren,65,85.4,M,False
2113,Elijah,Castillo,25,257.0,M,False
2114,Randy,Hendrix,17,150.3,F,False
2115,Randy,Erickson,100,181.4,M,True
2116,Peter,Zimmerman,12,265.0,F,True
2117,Kevin,Terrell,12,233.6,F,False
2118,Lawrence,Taylor,55,171.3,M,False
2119,Joe,Esquivel,22,171.2,M,False
2120,Ethan,Galvan,27,228.6,M,True
2121,Samuel,Faulkner,59,263.6,F,False
2122,Paul,Rocha,44,264.0,F,False
2123,Patrick,Lambert,105,114.0,M,False
2124,Benjamin,Beil,56,93.4,F,False
2125,Vincent,Medrano,48,152.0,M,True
2126,Kyle,Lambert,54,107.3,M,False
2127,Matthew,Yoder,81,82.1,F,False
2128,Joe,Tran,78,195.7,F,False
2129,Nathan,Wilkins,9,93.7,M,True
2130,Matthew,Shannon,8,90.9,M,False
2131,Ralph,Trejo,67,114.4,M,True
2132,Jonathan,Cummings,97,215.4,F,False
2133,Peter,Branch,106,178.4,M,False
2134,Roy,Davis,105,198.6,M,False
2135,Gary,Cordova,28,256.6,F,False
2136,Jeremy,Turner,64,197.0,M,False
2137,Samuel,Bryant,69,106.6,F,False
2138,Patrick,West,23,273.9,F,True
2139,Kenneth,Abbott,64,206.2,F,False
2140,Stephen,Archer,62,157.7,M,False
2141,James,Vega,83,135.8,M,False
2142,Austin,Thomas,82,207.7,M,False
2143,Jerry,Farmer,61,257.7,M,True
2144,Gregory,Lucas,33,104.5,F,False
2145,Jason,Ramsey,22,172.2,F,False
2146,Mason,May,14,125.2,M,False
2147,Joseph,Dean,17,143.1,M,False
2148,Andrew,Moreno,101,249.5,F,True
2149,Tyler,Travis,48,121.7,M,False
2150,Wayne,Person,75,229.8,M,False
2151,Keith,Figueroa,50,113.4,M,True
2152,David,Hardy,56,202.9,F,False
2153,Bruce,Williams,47,129.2,F,False
2154,Ronald,Serrano,53,133.4,F,True
2155,Dylan,Wiggins,66,165.9,F,False
2156,Gabriel,Noble,40,138.4,M,True
2157,Roy,Hess,107,177.2,F,False
2158,Nicholas,Davis,104,261.9,M,False
2159,Ryan,Stewart,25,155.9,F,False
2160,Eric,Mahoney,107,215.3,F,False
2161,Alexander,Wu,71,241.8,M,False
2162,Lawrence,Pacheco,64,253.4,M,False
2163,Adam,Griffin,52,91.4,M,False
2164,Carl,Bernal,92,211.7,F,False
2165,Ryan,Reid,60,109.3,M,False
2166,Gabriel,Drake,48,134.8,M,False
2167,Anthony,Lara,108,222.9,F,False
2168,Terry,Adams,34,264.6,F,False
2169,Elijah,Gilmore,19,269.2,F,True
2170,Gary,Pollard,59,254.0,F,False
2171,Paul,Hayes,60,95.2,M,False
2172,Charles,Young,101,247.6,F,True
2173,Vincent,Baldwin,13,218.9,M,False
2174,John,Dillon,74,109.2,M,True
2175,Gabriel,Pruitt,54,90.5,F,True
2176,Joshua,Donaldson,77,131.6,F,True
2177,Christopher,Koch,3,153.6,F,False
2178,Ethan,Green,105,149.4,F,True
2179,Logan,Peters,91,126.1,F,False
2180,Nicholas,Gilbert,69,157.3,M,True
2181,Roger,Wood,51,112.6,F,True
2182,Daniel,Leal,64,88.2,F,False
2183,Jeffrey,Miller,48,158.3,F,False
2184,Jeremy,Mann,32,84.6,F,False
2185,Andrew,Dillon,90,176.6,M,False
2186,Edward,Vaughn,31,272.9,F,False
2187,Sean,Arroyo,38,153.9,F,False
2188,Randy,Hardy,4,105.6,M,True
2189,Ronald,Huang,93,193.0,F,False
2190,Dylan,Juarez,10,103.2,M,False
2191,Terry,Parra,12,87.0,F,False
2192,Joseph,Suarez,93,268.6,F,False
2193,Ethan,Guevara,56,108.4,M,False
2194,Andrew,Massey,40,163.4,F,False
2195,Vincent,Gonzales,28,135.0,M,False
2196,Bruce,Kline,15,231.3,F,False
2197,Brian,Underwood,45,217.5,F,False
2198,Scott,Gutierrez,30,102.9,M,False
2199,Matthew,Thornton,105,261.9,M,False
2200,Gregory,Hendricks,88,110.4,M,False
2201,Joe,Bradley,102,117.8,F,False
2202,David,Trevino,43,106.0,F,False
2203,Henry,Le,3,178.0,M,True
2204,Eugene,Pearson,45,244.6,F,True
2205,Russell,Manning,51,94.1,F,False
2206,Juan,Perry,95,273.0,F,False
2207,Samuel,Davidson,90,152.8,F,False
2208,Kevin,Wright,52,140.0,F,False
2209,Eric,Bruce,92,110.7,F,False
2210,Raymond,Calhoun,94,140.1,M,False
2211,Matthew,Long,90,144.3,F,False
2212,Daniel,Aguilar,50,136.4,F,False
2213,Joseph,Nichols,15,116.4,M,False
2214,Michael,Garrison,34,138.5,F,False
2215,Matthew,Fletcher,17,160.6,M,False
2216,Jordan,Perkins,84,208.4,F,False
2217,Kyle,Dalton,59,119.2,F,False
2218,Thomas,Clark,15,85.6,M,False
2219,Justin,Johnston,21,210.8,M,False
2220,Noah,Alfaro,25,232.6,M,False
2221,Albert,Day,68,112.4,F,False
2222,Austin,York,26,188.7,M,False
2223,Russell,Lester,105,265.4,F,False
2224,Jacob,Franklin,26,136.3,M,False
2225,Carl,Barajas,74,168.3,F,False
2226,Jeffrey,Macias,46,259.7,M,True
2227,Thomas,Howard,79,144.3,F,False
2228,Joseph,Flores,5,93.1,F,False
2229,Bruce,Olsen,20,146.1,F,False
2230,Russell,Stuart,17,140.3,F,False
2231,Jacob,Ruiz,70,126.1,M,False
2232,Anthony,Mckee,15,190.2,F,False
2233,Benjamin,Coffey,40,121.9,M,True
2234,Albert,Stuart,64,257.1,F,True
2235,Randy,O’connor,30,258.6,F,False
2236,Ryan,Ray,107,81.8,F,True
2237,Jason,Cochran,103,111.1,M,False
2238,Juan,Sanford,49,173.8,F,False
2239,Anthony,Hogan,101,91.1,M,False
2240,Jeffrey,Davila,60,150.5,F,False
2241,Daniel,Chang,3,84.5,M,False
2242,Jesse,Burnett,105,255.9,M,False
2243,Jason,Vasquez,37,180.9,M,False
2244,Jeremy,Golden,24,186.9,M,True
2245,Brandon,Wiley,94,140.1,M,False
2246,Nathan,Romero,86,253.9,F,False
2247,Douglas,Walsh,47,160.5,M,False
2248,Randy,Diaz,108,272.7,M,False
2249,Nathan,Ford,48,251.3,F,True
2250,Douglas,Martinez,8,158.1,M,False
2251,Gary,Esparza,79,174.1,M,True
2252,Joseph,Best,28,246.3,M,False
2253,Alan,Scott,80,139.5,M,False
2254,Terry,Tate,105,101.0,M,False
2255,Anthony,Perry,44,247.9,M,False
2256,Russell,Sellers,49,97.8,F,True
2257,Walter,Delgado,3,212.0,F,False
2258,Andrew,Walsh,20,127.4,F,False
2259,Elijah,Hopkins,34,260.4,F,False
2260,Brandon,Trejo,24,122.4,M,False
2261,Ralph,Hull,50,157.7,F,False
2262,Nathan,Ibarra,18,208.0,M,False
2263,Michael,Waller,80,162.8,F,False
2264,Christian,Salazar,49,84.2,M,False
2265,Bradley,Small,22,204.4,F,False
2266,George,Kerr,47,88.9,F,False
2267,Russell,Vance,15,223.9,F,True
2268,Zachary,Meyers,108,242.4,M,True
2269,Scott,Marsh,82,242.0,F,False
2270,Gabriel,Parrish,107,206.5,M,False
2271,Patrick,Sawyer,84,264.5,M,False
2272,Walter,Ballard,98,138.8,M,False
2273,Alan,Rosales,79,107.9,F,True
2274,Donald,Chan,90,191.5,M,False
2275,Daniel,Conner,23,140.1,F,False
2276,Jerry,Atkinson,86,177.1,F,False
2277,Robert,Aguirre,15,163.8,M,True
2278,Terry,Lozano,75,178.2,F,True
2279,Gerald,Hendrix,36,211.9,F,False
2280,Robert,Combs,70,220.1,F,False
2281,Gabriel,Herrera,80,239.8,M,False
2282,Charles,Estes,57,226.8,F,False
2283,Robert,Bond,61,191.1,F,True
2284,Juan,Klein,34,213.3,M,False
2285,Jordan,Rosario,105,122.4,M,False
2286,Gabriel,Bates,4,210.5,F,True
2287,Christopher,Shaw,65,271.6,F,True
2288,Jordan,Rosario,107,88.2,F,False
2289,Wayne,Barrett,83,260.8,F,False
2290,Douglas,Herman,59,209.4,F,False
2291,Jerry,Castro,37,142.6,F,False
2292,Gary,Beltran,60,119.7,F,True
2293,Terry,English,57,144.3,F,False
2294,Steven,Parker,21,250.3,M,False
2295,Michael,Warner,107,218.0,M,False
2296,Scott,Miller,76,157.3,F,False
2297,Joseph,Carrillo,58,278.3,M,False
2298,Gary,Woodard,17,208.2,M,False
2299,Donald,Medrano,93,243.8,F,False
2300,Aaron,Felix,53,135.9,M,False
2301,Christian,Wong,46,214.9,F,True
2302,Kevin,Lawrence,69,100.5,F,False
2303,Jack,Gillespie,31,178.2,M,True
2304,Wayne,Hood,53,207.2,M,False
2305,Steven,Hunter,84,209.8,M,True
2306,Roger,Hebert,98,233.3,M,False
2307,Juan,Arnold,22,220.6,M,True
2308,Willie,Lim,53,193.1,F,False
2309,Lawrence,Lewis,20,107.6,M,False
2310,Vincent,Roy,12,245.9,F,False
2311,Samuel,Hale,29,202.1,F,False
2312,Larry,Copeland,94,101.3,F,False
2313,Vincent,Riley,84,268.7,M,False
2314,Jesse,Ortega,18,181.5,F,False
2315,Jeffrey,Mejia,96,87.6,F,False
2316,Harold,Livingston,35,245.0,F,False
2317,Randy,Ali,57,197.9,M,False
2318,Robert,Carrillo,69,113.4,M,True
2319,Keith,Fields,19,140.4,M,False
2320,Raymond,Schwartz,106,127.0,F,False
2321,Justin,Moses,91,271.3,M,False
2322,Tyler,Charles,110,158.2,F,False
2323,Peter,Cobb,35,136.4,M,True
2324,Jack,Mann,24,117.9,F,False
2325,Jacob,Melton,22,246.4,M,False
2326,Elijah,Reynolds,11,201.0,F,False
2327,Peter,York,77,258.7,M,False
2328,Billy,Gardner,62,197.8,M,False
2329,Sean,Day,45,181.4,F,False
2330,Roy,Jenkins,17,135.0,F,True
2331,Logan,Mathews,58,143.6,F,False
2332,Ronald,Adkins,17,116.1,F,False
2333,Kevin,Ventura,36,159.7,F,False
2334,Mason,Avalos,13,275.2,F,False
2335,Samuel,Church,45,163.3,F,True
2336,Gary,Caldwell,9,131.9,F,False
2337,Kyle,Nuñez,27,102.2,F,False
2338,Jose,Russell,50,227.1,F,False
2339,Peter,Piñeda,12,192.1,M,False
2340,Harold,Conley,70,184.3,F,True
2341,Alan,Crane,38,156.3,F,False
2342,Philip,Armstrong,25,138.1,M,True
2343,William,Chung,53,212.9,F,False
2344,Christian,Ponce,20,129.0,M,True
2345,James,Tang,109,151.5,M,True
2346,Jerry,Dickerson,68,270.1,F,False
2347,Vincent,Duarte,72,207.2,F,False
2348,Logan,Webb,56,219.5,M,False
2349,Justin,Christensen,65,164.2,F,False
2350,Michael,Herrera,94,174.0,M,False
2351,Charles,Mercado,32,138.3,F,False
2352,Paul,Hogan,90,225.4,F,False
2353,Arthur,Sanchez,99,117.5,M,False
2354,Juan,Duncan,20,236.7,F,False
2355,Alexander,Dunn,103,269.7,M,True
2356,Dylan,Fisher,31,158.6,F,True
2357,Thomas,Glenn,3,266.0,F,False
2358,Daniel,Adkins,4,125.3,F,True
2359,Nathan,Decker,106,228.7,M,False
2360,Alan,Church,67,80.3,F,False
2361,Jeffrey,Marsh,13,266.3,F,False
2362,Kenneth,Robertson,53,134.3,M,False
2363,Nathan,Pope,42,220.8,M,False
2364,Patrick,Meza,22,148.7,F,False
2365,Steven,Liu,105,106.6,F,False
2366,Arthur,Collier,17,99.2,M,False
2367,Douglas,Lucas,71,96.7,F,True
2368,Joseph,Harmon,65,144.7,F,False
2369,Keith,Walker,31,125.0,M,False
2370,Ralph,Reese,103,159.1,F,False
2371,Jose,Beasley,73,241.1,F,True
2372,Henry,Marks,53,258.6,F,False
2373,Noah,Franklin,84,140.9,F,False
2374,Daniel,Paul,60,147.6,M,False
2375,Philip,Solis,107,81.0,M,False
2376,Mark,Monroe,85,120.6,F,False
2377,Joseph,Johnston,90,118.7,M,False
2378,Bruce,Wolf,96,267.6,F,False
2379,Aaron,Knapp,58,216.7,M,False
2380,William,Lee,68,254.7,M,False
2381,Zachary,Bailey,75,195.6,F,False
2382,Lawrence,Boyer,31,247.1,M,False
2383,Jose,Enriquez,39,145.9,M,True
2384,Harold,Cook,106,234.0,M,False
2385,Lawrence,Jenkins,65,191.7,M,False
2386,Paul,Huff,24,80.0,F,True
2387,Jeremy,Lin,77,194.0,F,False
2388,Carl,Maddox,81,232.9,F,False
2389,Alexander,Reilly,6,278.3,F,True
2390,Keith,Arnold,84,153.9,M,False
2391,Gregory,Christian,44,179.5,F,False
2392,Peter,Montoya,106,104.1,F,False
2393,Sean,Copeland,98,174.8,F,True
2394,Russell,Maddox,9,207.3,M,True
2395,Albert,Ochoa,90,146.4,F,False
2396,Gerald,Rasmussen,92,256.7,M,False
2397,Edward,Burgess,58,245.9,F,False
2398,Sean,Blake,109,184.9,F,True
2399,Christopher,Shaffer,52,164.3,M,False
2400,Jerry,Lin,51,236.9,M,True
2401,Jacob,Mccoy,34,151.4,M,False
2402,Willie,Melton,100,114.8,F,True
2403,Henry,Hurley,11,177.8,F,False
2404,Kenneth,Young,108,232.6,F,False
2405,Scott,Kaur,75,239.5,F,False
2406,Willie,Lang,69,169.9,M,False
2407,Jonathan,Duncan,99,190.2,M,False
2408,Billy,Huerta,57,126.6,F,True
2409,Paul,Carlson,49,254.6,M,True
2410,Richard,Price,105,108.9,F,False
2411,Steven,Lowe,82,98.2,M,False
2412,Billy,Green,104,199.4,F,True
2413,Tyler,Estes,38,117.0,M,False
2414,Bruce,Bond,51,260.2,M,False
2415,Albert,Powers,96,252.2,F,True
2416,Carl,Hoffman,106,177.7,F,False
2417,Timothy,Juarez,68,129.5,M,False
2418,Samuel,Wyatt,61,162.9,F,False
2419,Gerald,Burnett,109,206.8,M,False
2420,Jose,Stevenson,41,92.1,M,False
2421,Arthur,Jones,80,182.1,F,False
2422,James,Yoder,30,173.5,F,False
2423,Richard,Whitehead,38,115.2,F,False
2424,Mason,Bonilla,37,160.5,F,False
2425,Ralph,Salas,88,222.1,F,False
2426,Larry,Wright,20,271.6,F,False
2427,Joe,Moore,15,278.8,F,False
2428,Keith,Guerrero,23,90.2,F,False
2429,Aaron,Zuniga,51,159.0,M,True
2430,Daniel,Morse,35,165.1,F,False
2431,Tyler,Zamora,36,176.2,M,True
2432,Larry,Brooks,76,189.3,M,True
2433,Michael,Friedman,6,273.4,F,False
2434,Anthony,Mclean,73,243.2,F,False
2435,Steven,Snyder,37,180.2,M,False
2436,James,Crosby,93,235.5,F,False
2437,Gabriel,Conway,58,192.1,F,False
2438,James,Wu,9,179.4,M,False
2439,Walter,Lowery,28,123.4,M,False
2440,Jeffrey,Rocha,109,241.3,M,False
2441,Aaron,Nolan,95,166.5,F,False
2442,Randy,Andrade,110,238.8,M,False
2443,Bradley,Blackburn,59,232.5,F,False
2444,Jeremy,Everett,72,86.5,M,True
2445,Gabriel,Simon,19,241.7,F,False
2446,Albert,Erickson,91,156.9,M,False
2447,Russell,Soto,64,82.7,F,True
2448,Juan,Rocha,7,157.8,F,False
2449,Michael,Le,52,217.8,M,False
2450,Carl,Carpenter,10,144.4,M,False
2451,Alexander,Richmond,55,204.2,M,False
2452,Jason,Cline,81,264.8,F,False
2453,David,Mcclain,5,237.0,M,False
2454,Raymond,Miranda,89,98.8,F,False
2455,Harold,Mata,14,170.1,F,True
2456,Zachary,Aguilar,80,136.2,M,False
2457,Dylan,Sanchez,69,129.7,M,True
2458,Edward,Abbott,51,272.8,F,False
2459,Carl,Russell,62,237.5,F,False
2460,Ryan,Lozano,57,84.0,F,False
2461,Thomas,White,11,140.3,M,False
2462,Gabriel,Anderson,34,218.9,M,False
2463,Steven,Patton,70,211.7,M,False
2464,Jerry,Heath,28,183.9,M,False
2465,Arthur,O’donnell,76,143.2,F,False
2466,Brandon,Lee,43,181.1,M,False
2467,Steven,Chandler,58,171.3,M,False
2468,Juan,Herrera,88,124.7,M,False
2469,Roger,Castaneda,25,279.7,F,False
2470,Juan,Finley,102,277.7,M,True
2471,Jacob,Bernard,53,271.0,F,False
2472,Lawrence,Mccann,74,119.7,M,True
2473,Jacob,Benson,7,277.9,F,False
2474,Timothy,Adkins,65,235.4,F,False
2475,Bruce,Campos,17,125.7,F,True
2476,Patrick,Foster,64,191.8,M,False
2477,Jose,Harvey,105,137.3,F,False
2478,Jesse,Camacho,10,267.2,F,False
2479,Michael,Diaz,61,262.0,F,False
2480,Donald,Montoya,42,125.7,F,True
2481,Russell,Merritt,46,200.8,F,False
2482,Arthur,Valencia,13,278.0,F,False
2483,Charles,Avery,1,266.8,M,False
2484,Ethan,Lin,6,129.6,F,False
2485,Kyle,Grant,63,161.7,F,False
2486,Jason,Bradshaw,34,139.9,M,False
2487,Samuel,Chase,95,254.2,M,True
2488,Larry,Greene,103,82.9,F,False
2489,Frank,Chapman,45,265.0,F,False
2490,Austin,Jennings,49,109.9,M,False
2491,Joe,Jimenez,68,149.0,F,False
2492,Charles,Barr,110,182.6,F,True
2493,Ryan,Thomas,41,246.1,F,False
2494,Randy,Dixon,93,123.8,F,False
2495,Jesse,Miranda,35,81.0,F,False
2496,Philip,Norton,47,219.9,F,False
2497,Brandon,Howell,26,143.7,M,False
2498,Gerald,Barker,59,208.5,F,False
2499,Dylan,Ashley,35,217.0,M,True
2500,Gary,Wilkins,80,196.3,M,True
