firstName,lastName,age,weight,gender,smoker
Ralph,Crane,85,142.3,F,False
Andrew,Williamson,25,217.7,F,True
Jerry,Schmitt,22,192.3,F,False
Patrick,Middleton,21,103.1,M,False
Joshua,Copeland,2,274.6,M,True
Elijah,Simpson,78,197.0,F,False
Austin,Gibson,71,252.1,M,False
Randy,Shaffer,88,215.6,F,False
Ryan,Lucas,16,210.9,M,False
Brian,Gibson,72,276.8,M,True
Samuel,Davis,48,225.5,M,False
Ryan,Ford,103,160.3,M,False
Zachary,Mills,43,223.3,F,False
Bruce,Cross,97,213.4,M,False
Roger,Chung,60,90.7,M,False
Albert,Choi,69,156.2,F,False
Keith,Dean,78,210.9,F,False
Jesse,Harmon,55,88.0,F,False
Dylan,Velasquez,43,170.2,F,False
Christopher,Cooper,12,231.5,F,False
Thomas,Little,81,154.8,M,False
Kenneth,Drake,95,194.9,M,False
Gerald,Hull,33,241.4,F,False
Robert,Marks,55,240.7,M,False
Terry,Stokes,84,144.6,F,False
Mason,Brandt,31,279.7,F,False
John,Griffith,35,180.8,F,False
Jeffrey,Bass,59,232.8,F,True
Russell,Gordon,45,196.8,M,False
Gregory,Snyder,35,92.5,M,True
Peter,House,13,175.1,M,False
Albert,Finley,68,161.1,F,False
Alan,Mills,66,267.2,M,False
Raymond,Bates,19,88.2,M,False
Ralph,Powell,40,167.5,F,False
Russell,Garrett,102,240.9,M,False
Ronald,Walters,90,252.1,F,False
Patrick,Burgess,20,115.6,M,True
Aaron,Lester,9,180.2,M,False
Christopher,Buck,28,184.1,M,False
Lawrence,Tapia,46,90.2,F,True
Edward,Sloan,51,146.6,F,True
Joseph,Felix,45,133.1,M,False
Jonathan,Montes,12,195.0,M,False
Adam,Dorsey,44,96.2,M,False
Scott,Castillo,107,119.1,F,False
Gregory,Jones,110,213.1,M,True
George,Frederick,68,169.3,M,False
Eugene,Hahn,88,224.7,M,False
Peter,Floyd,107,146.3,M,False
Peter,Conner,55,246.4,M,True
Jose,Yates,53,135.2,F,False
Jacob,Bridges,60,178.2,F,False
Noah,Powell,28,108.2,F,False
William,Peterson,6,142.6,F,True
Philip,Strong,51,134.2,M,False
Daniel,Elliott,105,219.1,F,False
Eugene,Rivera,5,269.8,F,True
Elijah,Garner,57,188.6,F,True
Anthony,Douglas,76,179.3,F,True
Daniel,Wong,100,120.1,M,False
Bryan,Nixon,60,229.5,F,False
Terry,Aguirre,57,258.4,M,False
Mark,Clements,18,99.4,M,False
James,Bradford,53,128.0,F,True
Andrew,Espinoza,38,209.4,M,False
Kevin,Arellano,15,248.3,M,False
Ralph,Herring,65,180.0,M,False
Paul,Francis,81,201.3,F,True
Michael,Arias,24,255.5,F,True
Eugene,Coleman,77,142.6,F,False
Jonathan,Figueroa,47,234.4,M,True
Douglas,Trejo,34,241.9,F,True
Roger,Zamora,99,256.7,M,True
Ralph,Baxter,35,104.5,M,False
Dylan,Harrell,61,196.6,F,True
Brandon,Molina,78,238.0,F,True
Wayne,Hayes,70,177.3,M,False
Vincent,Weber,50,201.4,M,False
Harold,Noble,73,207.0,M,False
Bobby,Huffman,59,249.3,F,False
Billy,Sims,30,203.0,M,True
Noah,Buck,90,264.7,F,False
Dylan,Mayer,56,240.0,M,False
Larry,Harmon,83,198.5,M,False
Stephen,Snow,98,175.7,F,False
Tyler,Santos,43,276.7,M,False
Edward,Lambert,35,214.7,F,False
Terry,Krueger,8,120.1,F,False
Randy,Herman,82,186.6,F,False
Dennis,Sawyer,97,118.1,M,True
Jack,Petersen,25,201.3,F,True
Alan,Estrada,108,129.8,F,False
Frank,Duran,99,252.7,M,False
Kenneth,Underwood,92,243.5,F,True
Douglas,Enriquez,71,116.3,M,False
Eugene,Kim,2,89.2,M,False
Samuel,Levy,23,151.6,M,False
Stephen,Rangel,65,130.1,M,False
Russell,Gallegos,77,86.4,F,False
Jacob,Klein,55,258.4,F,False
Charles,Cardenas,63,242.2,F,False
Daniel,Hahn,64,166.3,M,True
Eric,Reed,43,213.0,F,False
Robert,Clayton,40,94.4,F,False
Ralph,Murray,30,106.5,F,True
Juan,Singleton,5,236.7,M,False
Ethan,Zuniga,46,206.0,F,False
Donald,Griffin,11,252.2,M,False
Philip,Nolan,102,235.0,F,False
Austin,Gray,16,188.5,M,True
Benjamin,Pugh,70,165.0,F,False
Randy,Mckinney,104,190.0,F,False
Ethan,Pacheco,77,224.6,M,False
Arthur,Villanueva,46,116.0,M,False
Gabriel,Franklin,34,248.3,M,False
Nicholas,Ho,109,270.4,F,False
Joshua,Green,80,168.8,M,True
Nicholas,Bradley,60,106.8,M,False
Roy,Welch,14,120.3,F,True
Richard,Villanueva,2,134.5,F,False
Larry,Charles,31,81.2,F,False
Vincent,Wade,57,215.5,F,True
Christopher,Nicholson,105,259.6,M,False
Benjamin,Wilson,58,229.7,F,True
Ryan,Barnett,5,255.9,M,False
Mark,Jenkins,96,136.7,F,False
Juan,Sawyer,16,267.6,F,False
Edward,Boyd,75,199.1,F,False
Eugene,Fry,22,95.5,M,False
Kyle,Bullock,103,247.0,F,False
Gerald,Benton,77,133.6,F,False
Randy,Burton,103,241.3,F,False
Michael,Solomon,58,161.9,F,False
Ethan,Sierra,110,126.2,F,False
Roy,Kirby,59,166.4,F,False
Juan,Gregory,39,131.1,M,False
Joshua,Pruitt,87,160.5,M,False
Dennis,Mcintosh,85,105.9,F,True
Bradley,Baker,23,157.7,F,False
Philip,French,10,254.9,M,False
Kyle,Maynard,107,203.0,F,False
James,Lyons,73,198.6,M,False
Peter,Reid,15,147.2,M,False
Larry,Singh,79,134.8,M,False
Russell,Griffith,51,166.1,M,True
Adam,Gonzales,99,238.9,M,False
Alan,Chung,17,105.4,M,False
Brandon,Schroeder,30,81.5,M,False
Eugene,Tapia,96,173.6,F,False
Matthew,Fletcher,47,205.2,F,False
Noah,Guzman,38,217.6,M,False
Ralph,Clarke,45,91.4,F,True
Dennis,Mcpherson,91,135.1,F,False
Lawrence,Mitchell,76,178.0,M,False
Joseph,Jensen,24,121.0,F,False
Douglas,Kelly,68,213.8,M,True
Samuel,Barnett,56,176.1,M,False
Jose,Zuniga,49,93.9,F,False
Bruce,Stephenson,48,133.2,F,True
Jeffrey,Goodman,38,124.4,F,False
Robert,Roberson,87,130.7,M,False
Anthony,Potter,53,167.7,M,False
James,Bowers,1,189.4,M,True
Dylan,Olson,5,191.4,M,False
Jerry,Decker,32,110.8,F,True
Jordan,Ballard,37,247.3,F,False
Benjamin,Adkins,77,181.8,M,False
Roy,Bennett,35,168.6,F,False
George,Waller,51,268.8,F,True
Dylan,Estrada,107,133.5,F,False
Jerry,Aguirre,89,115.9,F,False
Nicholas,Roman,54,125.3,F,True
Roger,Wall,23,133.7,M,False
Joseph,Koch,86,99.6,F,False
Ryan,Cameron,38,177.9,F,False
Bradley,Pacheco,25,106.6,M,False
Sean,Bond,82,106.6,M,True
Carl,Lawrence,93,167.3,M,False
Elijah,Weiss,67,147.6,F,False
Edward,Pace,25,84.4,F,False
Mason,Graham,40,166.8,F,False
Justin,Moore,56,259.3,M,False
Dylan,Howard,16,129.2,F,False
Ryan,Kirby,88,193.3,F,False
Randy,Jennings,110,139.7,M,False
Ronald,Benson,73,219.6,F,False
Paul,Sandoval,74,192.6,M,False
Sean,Dalton,42,223.9,M,False
Robert,Simon,55,135.3,M,False
Steven,Sanford,18,241.0,M,False
Terry,Baxter,22,221.3,F,False
Vincent,Juarez,47,168.1,M,False
Gary,Whitehead,30,225.0,M,False
Austin,Mayer,22,151.5,M,False
Nathan,Pennington,10,141.0,M,False
Daniel,Montoya,55,190.8,M,True
Michael,Leal,34,114.0,M,False
Benjamin,Bowen,90,240.3,F,False
Thomas,Pittman,56,231.1,F,False
Henry,Bennett,36,157.8,M,False
Arthur,Clay,108,178.8,F,False
Jesse,Boyd,99,227.6,M,True
Harold,Beck,50,104.4,F,False
Steven,Bryant,37,130.6,M,False
Larry,Phelps,26,144.2,F,True
Joseph,Reyes,8,184.7,F,False
Bobby,Ball,55,109.8,M,False
Gabriel,Harper,56,217.9,F,False
Benjamin,Olsen,67,138.4,M,True
James,Correa,69,146.5,F,False
Carl,Brady,85,177.8,F,True
William,Walls,16,179.8,M,False
Benjamin,Wells,13,170.5,F,False
Ethan,Wilkins,41,227.1,F,False
Michael,Pruitt,13,192.9,M,False
Roger,Duke,93,217.8,M,False
Dennis,Rasmussen,41,269.8,M,False
Alan,Shah,95,183.3,M,False
Willie,Anderson,67,103.3,M,False
Nicholas,Maynard,58,247.2,M,False
Peter,Joseph,19,177.4,F,False
Jacob,Galindo,52,150.1,F,False
Jeffrey,Spence,1,241.0,M,False
James,Frost,55,135.2,M,False
Henry,Hernandez,109,84.5,M,False
Samuel,Walker,59,206.9,M,False
Paul,Stewart,73,272.7,F,True
Aaron,Kennedy,70,241.0,F,True
Philip,Griffith,69,140.2,F,False
Jack,Freeman,6,208.7,M,True
David,Boyd,44,135.3,F,False
Walter,Juarez,5,171.2,F,False
Peter,Marshall,56,95.1,F,False
George,O’connor,5,140.4,F,True
Jerry,Chung,99,152.9,F,False
Matthew,Pope,104,168.4,M,False
William,Brandt,25,197.7,F,False
Sean,Daniels,93,163.6,F,False
Roger,Donovan,26,206.8,M,False
Richard,Cole,107,246.4,F,False
Juan,Chen,109,218.2,F,False
Randy,Sampson,63,209.5,F,False
Jacob,Pacheco,110,120.4,F,False
Anthony,Mckenzie,49,204.7,F,False
Charles,Dougherty,100,260.9,F,False
Ethan,Mcconnell,90,174.2,F,True
Kenneth,Henderson,35,85.3,M,False
Jeffrey,Leonard,61,113.5,M,False
Sean,Mcmahon,97,109.2,M,False
Samuel,Alvarez,16,248.0,M,False
Frank,Delgado,52,86.8,F,True
George,Leon,20,80.1,F,False
Ronald,Bernard,36,115.4,M,False
Benjamin,Warner,41,250.0,M,False
Jesse,Norman,77,166.6,M,False
Wayne,Frank,102,138.0,M,True
Christian,Bush,12,211.4,M,False
Kyle,Kline,3,205.0,F,False
Jeremy,Howard,97,264.1,M,False
Jonathan,Weiss,95,245.5,M,True
Mark,Pugh,47,222.2,F,False
Ethan,Manning,8,186.3,M,True
Albert,Thornton,76,188.0,M,False
Henry,Lugo,43,123.0,M,False
Thomas,Bass,70,234.6,M,False
Ronald,Wheeler,17,209.8,M,False
Joseph,Clark,92,216.1,M,False
Juan,Murillo,107,109.3,M,False
David,Atkinson,110,87.1,F,False
Ethan,O’neill,107,175.9,M,False
Matthew,Montoya,85,119.1,M,False
Joseph,Calderon,95,204.8,M,False
Joshua,Martinez,31,196.6,F,False
Dennis,Daniel,74,101.6,F,False
Thomas,Shields,75,130.8,M,True
Gerald,Ellis,96,106.3,M,True
Bobby,Terry,70,82.1,F,False
Douglas,Conley,10,129.6,F,False
Donald,Castro,78,191.0,M,True
Edward,Cantrell,92,210.5,F,False
Harold,Weber,69,258.8,M,False
Raymond,Blanchard,33,268.5,M,False
Gregory,Novak,95,224.8,M,False
George,Ray,37,98.7,F,False
Jordan,Maddox,52,113.6,M,False
Donald,Franklin,107,115.5,F,False
Terry,Marquez,25,156.8,F,False
Samuel,Velez,68,264.7,F,False
Scott,Potts,4,243.5,M,False
Ralph,Hopkins,38,259.8,F,False
Jesse,Avalos,37,167.7,M,True
Bryan,Russo,105,86.0,F,True
Edward,Norris,21,203.9,F,False
Samuel,Hall,88,227.2,M,False
Philip,Noble,11,190.9,F,False
Alexander,Mcdaniel,34,142.3,M,False
Edward,Hoffman,48,178.2,M,True
Ryan,Cardenas,90,122.0,F,True
Matthew,Page,94,231.8,F,True
Kyle,Cunningham,8,230.3,M,False
Bradley,Browning,41,229.5,F,False
Brian,Russell,25,274.6,M,False
Nicholas,Schmidt,50,241.3,M,True
Roger,Roberts,100,209.3,F,False
Stephen,Figueroa,83,211.8,M,False
Ronald,Turner,97,266.3,M,True
Douglas,Hanna,43,185.0,M,False
David,Ponce,93,95.9,F,False
Lawrence,Martinez,13,235.8,F,False
Jerry,Mcmillan,59,156.5,M,False
Billy,Randolph,10,113.5,M,False
Eugene,Williams,62,260.9,F,True
Russell,Henry,51,231.6,M,False
Harold,Fletcher,39,229.3,F,False
Aaron,Shepherd,36,137.4,F,True
Juan,Rubio,52,180.5,M,False
Juan,Gonzalez,13,101.0,M,False
Dylan,Marin,67,234.4,F,False
Gregory,Barrera,94,186.1,M,True
Samuel,Santos,95,111.2,M,True
Walter,Schmitt,51,99.7,M,False
Carl,Reyes,49,249.0,F,False
Gerald,Bell,22,204.3,F,False
Russell,Powers,10,111.1,F,False
Thomas,Shaw,38,185.4,M,False
Vincent,Lester,18,138.2,F,True
Henry,Finley,14,195.5,M,False
Jesse,Decker,101,108.4,F,True
Carl,Gutierrez,58,112.7,F,False
Richard,Mcpherson,63,132.5,F,False
Harold,Sexton,45,177.5,M,False
Kevin,Best,82,195.3,M,True
Randy,Person,44,227.6,M,False
Jeffrey,Hampton,74,143.5,M,True
Frank,Cole,38,84.8,M,False
Donald,Kelly,66,243.0,M,False
Michael,Benjamin,53,143.9,M,False
Gregory,Morton,101,237.3,M,True
Arthur,Cruz,6,168.2,F,False
Terry,Melendez,26,107.4,F,False
Justin,Fox,43,230.2,F,False
Dennis,Ashley,44,273.8,M,False
Billy,Moyer,4,160.5,M,False
Mark,Parra,54,208.8,M,True
George,Castillo,63,200.1,F,False
Jerry,Estes,20,217.7,M,True
Willie,Boyd,12,138.7,M,True
Jerry,Day,108,160.7,F,False
Richard,Acevedo,72,98.4,F,False
Kenneth,David,96,188.4,M,False
Zachary,Bass,19,145.5,F,True
Samuel,Mcintyre,49,262.7,M,False
Raymond,Anthony,1,268.8,F,False
Kenneth,Santana,96,153.5,M,False
Kenneth,Petersen,81,251.5,M,True
Anthony,Krueger,71,130.1,F,False
Jacob,Myers,96,191.5,M,False
Joseph,Esparza,40,138.2,F,False
Justin,Farmer,17,268.6,M,False
Ryan,Mejia,82,135.7,F,False
Jack,Marsh,71,264.5,M,False
Harold,Middleton,44,151.8,M,False
Thomas,Mckinney,65,207.1,M,False
Jonathan,Duran,84,124.8,M,True
Gregory,Pennington,20,106.4,F,True
Arthur,Landry,32,194.7,M,False
Randy,Stewart,28,231.8,M,False
Jerry,Adkins,81,246.1,M,False
Vincent,Soto,94,252.0,F,False
Gary,Ross,26,234.0,M,False
David,Decker,82,150.0,M,False
Raymond,Mcdonald,12,116.5,F,False
Jack,Stewart,94,153.4,M,False
Keith,Schwartz,99,258.4,M,False
Jonathan,Diaz,74,84.1,M,False
Logan,Harding,86,174.1,F,False
Elijah,Lucero,67,215.6,F,False
Bruce,Farrell,80,104.7,F,False
Jerry,Bernal,41,220.4,M,False
Gabriel,Gross,49,253.8,M,False
Elijah,Morse,67,265.1,F,False
Russell,Larsen,64,161.6,F,False
Nathan,Fitzpatrick,73,147.3,F,False
Juan,Santiago,5,248.9,F,False
Nicholas,Aguilar,37,274.7,F,False
Andrew,Felix,46,242.0,M,True
Mason,Hill,80,211.4,M,False
Alan,Bryan,27,115.5,M,False
Lawrence,Ball,103,162.5,F,False
Edward,Dejesus,106,190.2,M,False
Mark,Maldonado,103,168.7,F,True
Jonathan,Harrison,1,255.4,F,False
Jack,Davis,92,109.4,M,False
Christopher,Dickerson,52,229.4,F,False
Jerry,Harrison,69,145.7,F,False
Russell,Clay,49,228.0,F,False
Jason,Vega,21,192.9,M,False
Juan,Wyatt,85,177.7,F,False
Richard,Daugherty,66,200.2,M,True
Logan,Person,89,176.1,M,False
Alexander,Clements,39,203.6,M,False
Jacob,Strong,55,140.3,F,False
Joshua,Perez,98,242.2,F,False
Ronald,Rubio,62,104.6,F,False
Scott,Marquez,48,122.3,M,True
Roger,Yates,13,266.9,M,False
Larry,Roy,12,218.8,M,False
Justin,Howe,107,137.4,M,False
Albert,Potts,34,277.9,F,False
Robert,Winters,67,173.3,F,True
Michael,Stokes,27,134.3,M,False
Donald,Sellers,9,219.9,M,False
Aaron,Yu,64,142.4,M,False
Daniel,Chan,37,275.6,F,False
Eugene,Ingram,12,81.2,F,False
Anthony,Williams,3,181.7,M,False
Brian,Villanueva,82,123.5,F,False
Randy,Lloyd,32,239.4,M,False
Willie,Cummings,29,234.2,F,True
Edward,Crosby,106,120.8,F,False
Raymond,Rodgers,109,263.9,F,False
Paul,Blankenship,72,152.1,F,False
Ethan,Santana,22,233.7,M,True
Lawrence,Kline,29,164.6,M,False
Dennis,Burke,45,177.5,M,False
Dennis,Friedman,109,228.9,F,False
Randy,Carson,70,256.0,M,False
Ralph,Mcintyre,39,132.3,M,False
Ronald,Gallegos,94,92.1,F,False
Lawrence,Stanton,21,101.7,M,True
Justin,Castro,6,98.2,F,False
Jesse,Ellis,69,229.5,M,False
Willie,Shah,74,237.1,M,False
Mark,Portillo,25,239.5,F,True
Christian,Hart,102,173.7,F,False
Charles,Curry,71,201.3,M,True
Gregory,Dickson,87,247.7,M,False
Keith,Wilkins,68,223.0,F,False
Matthew,David,89,209.1,M,True
Jack,Pace,41,115.8,F,False
Vincent,Curry,7,148.8,M,False
Thomas,Donaldson,92,89.8,M,False
Brandon,Wu,30,179.1,M,False
Douglas,Barnett,90,223.0,M,False
Alan,Swanson,16,107.7,F,False
Nicholas,Farrell,80,264.3,F,False
Christian,Meadows,20,241.9,M,False
Joshua,Castaneda,36,262.0,M,False
Bradley,Woodard,73,111.0,M,False
Ethan,Ayers,55,149.1,M,False
Roger,Carrillo,33,252.4,F,False
Nathan,Lara,33,131.2,M,False
Charles,Barrera,13,236.2,M,True
Bryan,Beltran,102,153.0,F,False
Charles,Orozco,2,97.0,F,False
Timothy,Shelton,89,219.8,M,False
Billy,Cummings,93,101.6,F,False
Philip,Klein,63,120.2,M,False
Kevin,Velazquez,65,185.7,M,False
Henry,Singh,72,173.5,F,True
Jack,Humphrey,110,113.5,M,False
Edward,Gregory,3,181.7,M,False
Robert,Stanton,39,219.8,F,False
David,Chapman,50,227.0,M,False
Alan,Dickerson,34,226.7,M,False
Randy,Dorsey,74,261.7,F,False
Robert,Kirk,44,268.4,F,False
Bryan,Acosta,24,115.6,M,False
Jason,Ávila,7,96.7,M,False
Steven,Mays,37,89.2,M,False
Austin,Young,23,87.4,M,False
Bradley,Horn,69,197.9,F,False
Jerry,Duncan,27,265.4,M,True
Gregory,Blanchard,86,164.6,F,True
Roger,Dunn,15,137.9,M,False
Gabriel,Cortéz,16,182.1,M,False
Joseph,Armstrong,66,228.9,F,False
Anthony,Duncan,31,195.0,M,False
Robert,Wise,89,223.3,F,False
Steven,Holmes,54,203.2,F,False
Samuel,Perez,56,185.2,M,False
Elijah,Clayton,34,108.2,F,False
Alan,Patrick,92,123.4,M,False
Jack,Delgado,66,120.9,F,False
Gerald,Tapia,64,191.3,M,False
Joshua,Hancock,15,193.4,F,False
Thomas,Esparza,98,199.2,F,False
Donald,Blanchard,49,224.5,F,False
Frank,Mccormick,60,193.9,F,False
Nicholas,Meyer,91,190.6,M,False
Lawrence,Stokes,20,216.4,M,True
Bruce,Vincent,43,82.5,M,False
Kyle,Freeman,103,109.2,M,False
David,Rosario,78,167.0,M,False
Austin,Cobb,58,214.1,F,False
Douglas,Berg,88,158.0,F,False
Roy,Beasley,52,126.7,F,True
Michael,Hayden,63,146.3,M,False
Kenneth,Nash,25,98.4,F,False
Harold,West,35,241.9,F,False
Jeffrey,Briggs,4,230.1,M,True
Larry,Gonzales,60,261.5,M,False
Kevin,Stanton,11,97.5,F,False
Scott,Shaw,105,217.5,M,False
Gabriel,Sanchez,34,279.7,M,False
Edward,Hardin,45,237.5,M,True
Aaron,Wood,23,148.6,F,False
Mason,Mcmahon,33,143.0,M,True
Tyler,Nicholson,53,152.1,M,True
Anthony,Hutchinson,58,278.3,M,False
Arthur,Jenkins,23,246.2,M,False
Ryan,Palacios,83,124.2,M,False
Steven,Boyer,3,247.9,M,False
Harold,Humphrey,26,250.5,M,True
Larry,Ball,26,274.9,F,False
Keith,Cameron,73,142.5,F,False
Gerald,Hull,54,174.2,F,False
Gary,Sanders,39,171.9,M,False
Eugene,Mora,60,86.2,M,False
Willie,Hurley,20,116.3,M,False
Logan,Burch,18,263.5,M,False
Jerry,Pollard,20,123.4,M,False
Jose,Enriquez,79,245.9,M,False
Alexander,Craig,86,205.4,F,False
Jeremy,Li,110,243.7,M,False
Vincent,Nicholson,57,163.7,F,False
Nathan,Walsh,18,178.1,F,False
Roy,Lara,58,132.1,M,False
Noah,Kelly,93,164.8,M,False
Mark,Horn,77,137.6,F,False
Matthew,Gould,105,101.4,F,False
Timothy,Arroyo,110,133.7,M,True
Eric,Rose,110,252.2,M,False
Carl,Diaz,100,99.0,F,False
Jordan,Livingston,96,191.3,M,False
George,Cochran,13,183.2,M,False
Christopher,Benjamin,16,244.5,M,False
Anthony,Koch,29,150.7,M,False
Elijah,Holt,21,144.5,F,False
Dylan,Smith,80,106.5,F,False
Daniel,Zavala,94,247.0,M,False
Carl,Stokes,95,102.2,M,False
Bryan,Rich,26,267.1,M,False
Ronald,Clay,77,89.0,M,False
Dennis,Tanner,91,230.3,M,False
Ethan,Mccarthy,91,236.0,M,False
Ethan,Pace,5,208.4,M,True
Zachary,Cochran,100,89.0,M,False
Billy,Carson,14,125.4,M,False
Nicholas,Rice,97,132.6,F,False
Kenneth,Morse,109,262.3,F,False
Anthony,Jimenez,29,274.2,M,False
Lawrence,Galvan,81,230.4,M,False
Ralph,Sierra,34,222.2,F,True
Christian,Simon,2,260.5,M,False
Henry,Archer,51,119.4,F,False
Albert,Gallegos,34,212.8,F,False
Randy,Delacruz,44,232.1,M,False
Vincent,Herman,39,101.2,M,True
Harold,Knox,54,126.4,F,False
William,Escobar,106,171.1,M,False
Edward,Villarreal,90,81.8,M,False
Dennis,Beil,87,242.9,M,True
Paul,Powers,4,107.7,F,False
Russell,Mcintyre,105,92.0,F,False
Keith,Morse,101,150.3,F,False
Jerry,Mcmahon,98,104.3,M,False
Robert,Dunn,3,89.0,F,True
Thomas,Clements,68,202.0,M,False
Alexander,Swanson,23,247.6,F,True
Carl,Charles,97,83.8,M,True
Lawrence,Valdez,20,83.4,F,True
Stephen,Ross,96,211.1,M,False
Harold,Potter,82,246.3,F,False
Jeffrey,Roach,56,256.4,M,False
Alan,Shannon,35,179.8,F,False
John,Ortiz,50,196.6,F,False
Jordan,Soto,57,102.4,F,False
Bradley,Andrade,74,83.7,M,True
Brandon,Rosas,27,107.2,M,False
David,Noble,15,97.2,F,False
Justin,Sanchez,31,160.3,M,False
Aaron,Bruce,79,180.8,F,False
Austin,Novak,41,173.1,M,False
Elijah,Wright,40,151.4,F,False
Ralph,Peters,65,246.6,F,False
Thomas,Whitaker,54,197.2,M,False
John,Morgan,6,219.9,F,False
Christopher,Wilkins,96,165.7,M,False
Andrew,Kemp,21,176.9,M,False
Philip,Bryant,13,132.4,F,False
Steven,Kerr,23,106.5,F,True
Adam,Murillo,57,216.0,F,False
Larry,Hawkins,72,137.6,F,False
Brandon,Berger,88,181.9,M,True
Bruce,Cross,52,125.1,F,True
Jerry,Sanders,84,187.4,F,False
Justin,Skinner,79,237.5,M,False
Matthew,Buckley,103,130.6,M,False
Dennis,Hopkins,18,260.1,F,False
Alexander,Morgan,15,161.6,F,False
Juan,Valenzuela,98,233.3,M,False
Gabriel,Andersen,66,186.3,M,True
Benjamin,Mccormick,34,190.7,M,True
Paul,Baldwin,1,88.9,F,True
Kyle,Kramer,32,93.4,F,False
Joe,Walker,37,247.0,F,False
Jonathan,Peters,9,109.3,M,False
Lawrence,Sutton,56,159.2,M,True
Walter,Foley,5,198.6,M,True
Keith,Robbins,49,82.5,F,False
Timothy,Butler,14,107.4,M,False
Richard,Horne,102,136.1,M,False
Carl,Waters,97,276.4,M,False
Ethan,Flores,64,205.4,F,True
Alan,Howe,84,89.3,M,False
Eugene,Patton,33,176.7,M,False
Justin,Carroll,29,192.6,M,True
Sean,Peck,84,84.0,M,False
Juan,Villa,16,131.3,F,False
Logan,Mcmillan,73,114.6,M,False
Adam,Avery,9,137.1,F,False
Joshua,Camacho,77,188.8,F,True
Vincent,Walters,94,159.8,M,False
Brandon,Carroll,12,209.4,F,False
Donald,Barrett,48,263.7,M,False
Albert,Singleton,58,202.9,F,False
Michael,Harris,35,193.0,M,False
Alexander,Vang,37,84.7,M,False
Larry,Moss,62,118.4,F,True
Adam,Ware,60,275.9,F,False
Andrew,Espinoza,91,226.4,M,False
George,Branch,54,259.5,F,False
Roy,Parra,67,137.0,F,False
Joe,Norris,35,159.3,F,True
Ryan,Rojas,98,97.4,F,True
Gerald,Luna,95,155.3,F,True
Kyle,Green,5,277.1,M,False
James,Wilson,108,88.5,M,False
Thomas,Cunningham,81,252.5,F,True
Mason,Lester,98,229.5,F,True
Matthew,Mcintosh,40,192.2,F,False
Raymond,Steele,99,184.5,M,False
Michael,Wagner,89,241.6,M,False
Terry,Lim,18,136.0,M,False
Kyle,Morrow,92,114.9,F,True
Jason,Mendoza,3,167.2,M,False
Ralph,Hodges,92,200.3,M,False
Larry,Pruitt,26,248.3,F,False
Gerald,Guerrero,5,86.0,F,False
Matthew,Meadows,72,100.1,M,False
Albert,Patterson,107,135.7,M,False
Samuel,Clayton,102,255.4,M,False
Alan,Randall,91,162.6,M,False
Walter,Rivera,77,165.6,M,True
Billy,Medrano,107,224.0,M,False
Willie,Huff,8,208.3,F,True
William,Doyle,14,121.7,M,False
Justin,Love,1,263.7,F,False
Kevin,Diaz,45,120.8,M,False
Lawrence,Mann,9,108.6,F,False
Steven,Adkins,106,251.9,F,True
Frank,Mayer,44,135.8,F,False
Ryan,Vazquez,68,92.6,F,False
Michael,Raymond,80,203.6,F,False
Paul,Roach,57,263.2,M,False
Raymond,Daniel,3,272.2,F,True
Larry,Skinner,28,113.7,F,False
Steven,Hinton,59,243.1,M,False
Roy,Piñeda,74,162.9,F,False
Larry,Perry,53,247.5,M,False
Harold,Gillespie,24,244.2,M,True
George,Mays,15,88.1,F,True
Mason,Conner,82,275.8,M,False
Raymond,Giles,55,100.3,M,True
Ethan,Hunter,70,254.2,F,True
Jason,Mcmillan,50,141.8,M,False
Walter,Spencer,60,117.4,F,False
Alexander,Thompson,25,172.0,F,False
Gerald,Mcdonald,29,224.1,M,False
Aaron,Simmons,69,264.1,M,True
Anthony,Melton,40,262.4,M,False
Billy,Garza,63,190.4,M,False
Lawrence,Humphrey,5,117.2,M,False
Jose,Villalobos,69,159.3,F,False
Harold,Shepard,66,83.2,M,False
Harold,Newman,31,147.8,M,True
Arthur,Murillo,28,97.2,F,False
Tyler,Shaw,97,221.0,M,True
Randy,Daugherty,16,162.4,M,False
Alan,Henry,97,104.7,M,True
Eugene,Horn,96,118.5,M,False
Thomas,Underwood,87,262.0,M,False
Samuel,Young,35,196.6,F,False
Benjamin,Kerr,77,242.9,F,False
Donald,Leonard,81,151.6,M,False
Roger,Hayes,91,267.2,F,False
Tyler,Lamb,2,87.6,M,False
Ronald,Livingston,29,163.0,F,False
Terry,Perry,60,263.3,M,False
Larry,Mcconnell,58,176.5,F,False
Kyle,Chapman,109,245.9,F,False
Zachary,Jackson,16,108.1,F,False
Dylan,Fry,39,234.4,M,True
Joshua,Lane,80,214.7,M,False
Tyler,Ford,101,197.1,F,False
Vincent,Wilkinson,42,160.5,M,False
Nicholas,Russell,11,120.1,M,False
Matthew,Bruce,74,99.1,F,False
Jeremy,Church,88,260.2,M,False
Alan,Christensen,4,268.1,M,False
Benjamin,Adkins,41,167.2,M,False
Randy,Dyer,77,173.6,M,False
Alan,Harrell,86,81.6,M,False
Mason,Knight,70,274.3,F,False
Elijah,Crosby,23,269.3,F,False
Donald,Shepherd,95,114.3,M,True
Jesse,Cardenas,16,162.3,M,False
Gregory,Wall,109,108.8,M,True
Billy,Lindsey,104,93.4,F,False
Jesse,Vo,37,187.6,F,False
Thomas,Shaw,30,243.3,M,False
Peter,Schmitt,98,218.8,M,False
Ronald,Schmidt,20,119.4,M,False
Austin,Farrell,106,232.3,F,False
Alan,Moss,90,207.6,M,False
Jeffrey,Stafford,19,134.8,M,True
Juan,Bean,53,187.4,M,False
Jack,Delacruz,89,209.4,M,False
Douglas,Luna,91,93.3,M,True
Philip,Hart,83,277.9,F,False
Jerry,Sherman,105,145.9,M,False
Jesse,Reyes,59,231.8,M,False
Alexander,Abbott,58,133.3,M,True
Jason,Combs,3,247.8,F,False
Christian,Young,48,139.9,F,True
Jeremy,Curry,85,204.8,F,False
Terry,Mason,32,90.9,M,True
Jose,Jenkins,26,269.4,M,False
Juan,Reed,33,102.5,F,False
Noah,Ortega,50,80.9,F,False
Joe,Hopkins,22,80.6,M,False
Logan,Horton,32,150.9,M,False
Aaron,Figueroa,7,130.8,F,False
Benjamin,Magana,13,108.3,M,False
Michael,Shannon,83,118.7,F,False
Christian,Xiong,105,197.6,M,True
Eugene,Cooper,1,127.7,F,False
Larry,Roberts,26,234.1,M,False
John,O’neill,59,272.6,M,False
Matthew,Baxter,2,277.8,M,False
Christopher,Cunningham,63,210.7,F,False
Billy,Powers,29,158.0,F,False
Jacob,Garrison,37,213.9,M,True
Noah,Hull,96,158.4,F,False
Sean,Smith,102,160.7,M,False
Jeremy,Vang,44,183.4,M,False
Robert,Moreno,21,130.5,M,False
Aaron,Merritt,11,229.4,M,False
Frank,Marsh,105,81.2,F,False
Larry,Davis,58,269.6,F,False
Steven,Mcclain,7,247.7,M,False
Christopher,Hunt,7,195.0,F,False
George,Roy,62,167.8,M,False
Jason,Pratt,87,244.3,M,False
Alexander,Wolf,50,214.8,F,True
Bradley,Bautista,91,266.6,F,False
Jeffrey,James,36,201.2,M,False
Dylan,Padilla,107,119.2,M,True
John,Boone,108,169.5,F,True
Zachary,Campbell,62,273.6,F,False
Edward,Prince,61,219.1,F,False
Kenneth,Brock,4,81.2,F,False
Bryan,David,4,264.1,M,True
Harold,Acevedo,88,96.7,M,False
Keith,Morgan,13,168.5,M,False
Matthew,Garrett,7,228.7,F,False
Joe,Frederick,24,158.2,M,False
Randy,Dixon,92,202.6,F,True
Jonathan,Paul,42,250.5,M,False
Charles,Chandler,96,220.2,M,False
Donald,Martin,24,245.0,F,False
William,Hoffman,88,196.5,M,False
Raymond,Ayala,37,149.8,M,False
Mason,Ellison,9,214.7,M,False
Adam,Moyer,102,215.8,M,True
Scott,Russell,15,208.5,F,True
Kevin,Cantrell,20,153.0,M,False
Benjamin,Mann,65,128.8,F,False
Timothy,Stewart,11,181.1,M,False
Nicholas,Lopez,15,142.4,M,False
Dennis,Schwartz,9,105.5,M,False
Paul,Dean,70,257.5,F,True
Henry,Lawson,2,279.6,F,True
Nathan,Kirby,50,166.4,F,False
Gabriel,Montoya,46,187.5,M,False
Thomas,Vance,31,159.8,M,True
Kyle,Felix,108,166.9,M,False
Gregory,Sloan,90,222.8,F,False
George,Fields,71,182.7,F,False
Russell,Dean,86,198.6,M,False
Raymond,Bishop,73,145.5,M,False
Anthony,Tucker,72,128.9,M,False
Joseph,Spencer,109,141.1,F,False
Justin,Roman,1,229.5,F,True
Scott,Buchanan,83,95.6,M,False
Richard,Newman,18,271.2,M,True
Eugene,Chambers,105,202.8,M,False
Roger,Adams,85,166.5,F,False
Philip,Cook,65,265.3,M,False
Kevin,Vaughn,82,218.6,M,False
Bryan,Neal,64,178.1,M,False
Eugene,Marks,105,135.3,F,True
Ethan,Alfaro,17,245.8,M,False
Daniel,Hood,87,231.3,F,False
Bradley,Daniel,39,144.9,M,False
Eric,Delacruz,5,218.4,M,False
Austin,Boyd,80,219.7,M,False
Jonathan,Cabrera,107,268.8,M,False
Joe,Bartlett,34,226.0,F,False
Noah,Ayala,8,273.7,M,True
Raymond,Woods,101,264.2,M,False
Philip,Wilkinson,102,247.0,F,False
Joe,Shah,64,265.2,F,False
Russell,Joseph,64,138.2,F,False
Roger,Collins,5,128.2,F,False
Andrew,Kim,89,129.5,F,False
Kenneth,Ashley,15,262.0,F,False
Lawrence,Glenn,52,251.1,F,False
Joseph,Mathews,96,226.2,M,False
George,Noble,88,212.7,F,False
Gregory,Harrington,42,236.3,F,True
Samuel,Malone,6,118.4,F,False
Ralph,Humphrey,53,116.5,M,False
Mark,Levy,51,251.6,F,False
Dylan,Woodward,97,218.8,F,False
Anthony,Novak,65,139.2,F,False
Bobby,Roberson,7,108.6,M,False
Austin,Beck,49,159.5,F,False
Jonathan,Tran,36,165.6,F,False
John,Portillo,108,216.8,F,True
Russell,Williamson,5,265.4,M,False
Raymond,Sparks,33,187.5,M,False
Adam,Kennedy,83,180.5,F,False
Jacob,Lowery,70,226.5,F,True
Daniel,Powers,55,160.7,F,False
Jeremy,Vincent,94,276.2,F,True
Alan,Simon,19,221.2,M,False
Alexander,Hendrix,56,267.2,M,True
Mark,Rowland,38,87.2,F,False
Tyler,Chambers,18,106.7,F,False
Elijah,Stanton,78,125.6,F,False
Jose,Beil,91,214.2,F,False
Anthony,Sellers,13,161.7,F,False
Gary,Compton,99,186.0,F,True
Gabriel,Hanson,9,235.6,M,False
Bradley,Stafford,104,100.9,M,False
Kevin,Peña,62,154.6,M,False
Scott,Kelly,28,197.6,M,False
Thomas,Gomez,63,204.5,M,True
Carl,Aguilar,96,257.3,M,False
Andrew,Blair,105,260.3,M,True
Vincent,Cooper,108,227.9,F,True
Ronald,Holland,65,254.3,M,False
Ryan,Ruiz,65,208.9,F,False
Henry,Mcmillan,102,132.7,F,False
Frank,Holloway,55,229.7,F,True
Aaron,Mcintosh,62,196.2,M,False
Robert,Mccormick,63,203.0,F,True
Billy,Erickson,99,236.6,M,True
Juan,Mueller,86,250.1,M,False
Douglas,Rodriguez,57,96.6,F,True
Steven,Woods,39,224.6,M,False
Billy,Hoover,29,261.2,F,False
Ryan,Allen,55,127.4,M,False
Bryan,Grant,105,179.3,F,False
Jesse,Rasmussen,14,138.4,M,True
Robert,Martin,108,161.3,M,False
Justin,Xiong,71,132.3,M,False
Matthew,Byrd,9,240.7,M,False
Wayne,Perkins,71,137.3,F,False
Gerald,Stevenson,41,175.5,F,False
Bradley,Benton,73,97.5,F,False
Logan,Thompson,66,270.0,F,False
Justin,Cooper,10,176.1,F,False
Benjamin,Morales,71,194.7,M,False
Andrew,Robinson,59,114.2,F,False
Robert,Spencer,33,146.4,F,False
Ethan,Hickman,109,150.9,M,False
Nicholas,Harris,32,102.7,F,False
Austin,Blankenship,24,113.4,F,False
Keith,Middleton,94,130.5,F,False
Andrew,Watson,74,173.6,F,True
Ronald,King,14,240.4,F,False
Robert,Mcmahon,79,247.5,M,True
Ryan,Salinas,18,111.2,F,True
Bobby,Schneider,44,142.1,M,False
Albert,Huber,71,116.3,M,False
Christopher,Adams,91,230.3,F,True
Alexander,Mata,93,209.5,M,False
Noah,Castaneda,25,201.0,M,False
Steven,Nichols,71,202.9,F,False
Nicholas,Porter,24,175.2,F,False
Anthony,Torres,41,233.1,M,False
Henry,Blackwell,83,149.5,M,False
Billy,Cantu,104,160.0,F,False
Terry,Barker,69,115.6,M,False
Ryan,Sims,91,258.6,F,False
Edward,Schultz,8,145.2,F,False
Christopher,Hanson,94,80.1,M,False
Paul,Boyd,40,105.6,M,True
Bobby,Lambert,5,127.6,M,False
Carl,Davis,37,207.0,F,True
Logan,Bowers,21,220.2,M,False
Juan,Shields,99,102.0,F,False
Russell,Blevins,66,235.6,F,False
Mason,Watson,44,110.0,F,False
Charles,Fuentes,29,130.8,M,True
Roy,Chung,18,191.3,M,False
Robert,Bowen,9,251.2,M,False
Roy,Stafford,85,257.5,F,False
Bradley,Dennis,62,155.9,M,False
Larry,Cole,63,121.0,M,False
Eric,Miles,44,138.8,F,False
Mason,Smith,105,113.9,F,True
Edward,Cordova,85,168.9,F,False
Steven,Brady,62,214.1,F,False
Alan,Buckley,25,100.9,M,False
Mason,Nelson,29,104.6,F,False
Charles,Humphrey,56,168.0,M,True
Eugene,Wiley,71,143.7,M,True
Alan,Fitzgerald,16,222.6,M,False
Matthew,Tucker,10,253.1,F,False
Richard,Morris,59,123.8,M,False
Lawrence,Perez,61,204.4,M,False
Dennis,Valenzuela,56,239.8,F,True
Paul,Sosa,52,272.8,M,False
Timothy,Franco,23,169.2,M,False
Steven,Henson,100,197.4,F,True
Mason,Gray,90,253.7,M,False
Walter,Sawyer,57,224.6,F,False
George,Griffin,23,98.8,F,False
Gerald,Simon,38,95.3,F,True
Vincent,Walter,59,92.4,F,False
Jordan,Grimes,99,227.7,F,False
Zachary,Compton,14,94.9,M,False
Philip,Middleton,7,108.0,F,False
Jonathan,Fry,95,238.9,M,False
Noah,Walter,4,146.3,M,False
Gerald,Dudley,7,165.3,F,False
Brandon,Higgins,14,158.3,F,False
Jeremy,Reilly,43,187.2,M,False
Charles,Sexton,37,126.9,M,True
Lawrence,Acosta,104,149.6,M,True
Ronald,White,58,273.8,M,False
Mark,Michael,24,160.9,M,False
Robert,Trejo,93,96.9,F,False
Ronald,Herring,87,194.1,F,True
John,Randall,40,148.3,M,False
Christian,Fitzpatrick,70,97.8,F,False
Daniel,Nash,41,243.4,M,False
Christopher,Pittman,109,151.4,M,False
Mason,Khan,53,275.5,M,False
Alexander,Mcdowell,11,180.4,F,False
Eugene,Michael,90,110.8,M,False
Jack,Floyd,110,111.3,M,False
Michael,Hood,52,109.7,M,False
Noah,Leal,33,133.9,F,True
William,Hartman,3,263.2,M,False
Robert,Garza,27,147.9,F,True
Dennis,Mullins,109,180.1,F,False
Terry,Whitehead,45,81.6,F,True
Peter,Bonilla,53,241.0,F,True
Ryan,Mora,35,106.5,M,True
Douglas,Wise,38,90.7,M,False
David,Sellers,87,167.8,M,True
Joseph,Douglas,31,132.1,F,False
Gregory,Boyer,2,277.0,M,False
Mark,White,89,277.2,M,False
Joe,Duncan,5,212.3,F,True
Jason,Rojas,76,233.4,F,False
Gregory,Frederick,23,100.6,F,False
Jonathan,Salgado,90,264.7,F,False
Gerald,Combs,89,139.9,M,False
Edward,Young,105,161.3,F,False
Charles,Lara,95,196.5,F,False
Nicholas,Barker,33,240.8,F,True
Mason,Murillo,14,275.1,M,False
Randy,Lara,78,123.8,M,False
Gary,Baldwin,50,198.1,F,False
Timothy,Saunders,69,144.6,M,True
Juan,Marsh,106,179.9,M,True
Christopher,Douglas,12,220.7,M,False
Russell,Herman,84,179.5,M,True
Austin,Gallagher,97,130.2,F,True
Henry,Stone,8,172.8,M,False
Adam,Tyler,4,89.4,M,False
Paul,Pierce,35,184.4,F,True
Jeffrey,Potter,41,160.6,F,False
Carl,Clements,7,194.2,F,False
George,Middleton,29,84.0,M,False
Jesse,Liu,41,139.3,M,False
Lawrence,Walters,69,232.8,M,False
Austin,Huff,4,190.3,M,True
Anthony,Sloan,34,175.8,F,False
Harold,Ball,66,130.2,F,False
Carl,Orr,59,144.3,M,False
Albert,Horton,67,261.6,F,False
Eugene,Dennis,12,171.0,F,False
Christopher,Glass,105,247.2,F,False
Bobby,Berry,90,239.9,M,False
Roger,Nuñez,35,264.6,F,False
Larry,Lee,62,188.8,F,False
Eric,Potter,98,217.3,M,False
Gregory,Wood,6,252.5,M,True
Tyler,Griffin,59,136.3,F,True
Elijah,Burke,3,118.7,F,False
Ryan,Barr,87,129.7,M,False
Kenneth,Solis,11,273.8,F,False
Joshua,Jacobs,52,143.7,F,False
Ryan,Rogers,48,221.4,F,False
Russell,Waters,1,274.2,M,True
Stephen,Daniels,33,100.1,F,False
Logan,Herrera,57,113.5,M,False
Joshua,Beard,77,88.9,M,False
Frank,Estes,69,186.5,F,False
Philip,Correa,73,140.7,F,False
Walter,Vaughn,30,231.2,M,False
Eric,Randolph,110,184.6,M,False
Jason,Wolfe,88,134.0,F,True
Robert,Harrell,86,220.9,M,False
Justin,Stone,11,236.1,F,False
Andrew,Mosley,80,206.2,F,True
Joshua,Mann,7,206.5,F,False
Timothy,Hogan,85,190.3,F,False
Willie,Reid,17,128.7,F,False
Bradley,Bowen,75,97.1,M,False
Gregory,French,78,130.9,M,True
Joseph,Alvarez,79,223.9,F,True
Christian,Kelley,3,246.9,F,False
Benjamin,Mccann,84,209.4,M,False
Jerry,Booth,60,197.7,F,False
Philip,Shields,109,209.2,M,False
Jerry,Atkinson,26,87.1,M,False
Justin,Hawkins,19,156.6,F,False
Noah,Burnett,110,235.7,M,False
Nicholas,Mccann,8,173.5,F,False
Billy,Brooks,26,223.2,M,True
Aaron,Bender,28,84.4,F,True
John,Vance,67,277.6,F,False
Brandon,Ortega,28,270.8,F,False
Roy,Dalton,43,277.3,M,True
Arthur,Wells,11,158.2,F,False
Daniel,Lindsey,99,192.6,M,False
Harold,Johns,22,258.6,M,True
Ryan,Collier,41,179.4,M,True
Albert,Levy,77,141.3,M,False
Scott,Mitchell,17,134.1,F,False
Raymond,Floyd,64,245.7,M,False
Stephen,Townsend,39,150.5,M,False
Thomas,Grant,48,232.3,F,False
Gary,Noble,107,83.2,M,False
Dylan,Rangel,60,192.8,M,False
Gary,Hendrix,92,138.8,F,False
Dylan,Armstrong,110,196.1,M,False
Joe,Luna,59,123.9,F,False
Bradley,Cole,107,188.6,F,False
Matthew,Riley,80,260.7,F,False
Henry,Roach,14,257.9,F,False
Eugene,Parks,65,220.7,F,False
Keith,Prince,27,132.8,M,False
Anthony,Proctor,80,117.8,F,True
Douglas,Wood,17,260.2,M,True
Stephen,Cervantes,90,265.8,M,False
Bradley,Bernard,1,115.4,M,True
Vincent,Piñeda,49,193.9,F,True
Juan,Myers,6,228.9,M,False
Joshua,Dorsey,97,262.6,F,False
Roger,Flynn,86,133.6,M,False
Billy,Villalobos,3,263.7,F,False
Dylan,Petersen,16,145.3,M,False
Michael,Thompson,15,252.4,F,False
David,White,33,278.1,F,True
Christian,Wilcox,14,247.2,M,True
Mark,Mcbride,65,142.1,M,False
Russell,Cruz,102,257.8,F,True
Eugene,Trejo,55,84.6,M,False
Eric,Guevara,74,96.2,F,False
Jose,Ortega,79,256.4,F,False
Alan,Rosas,33,202.6,F,False
David,Dunlap,12,215.1,F,False
Roy,Burgess,108,176.0,M,False
Austin,Lester,104,101.6,M,True
Jerry,Mcbride,45,208.5,F,False
Bobby,Joseph,47,108.8,M,False
Mason,Morrison,13,237.3,M,False
Richard,Mathis,91,202.1,M,False
Brian,Wilkerson,36,248.6,M,False
Jose,Greene,20,117.3,M,False
Matthew,Lewis,58,126.2,F,False
Lawrence,Mueller,36,80.8,M,False
Mason,Duran,26,192.7,M,False
Michael,Morrison,89,255.0,M,True
Carl,Barton,41,119.6,F,False
Edward,Ford,4,93.9,M,False
Steven,Walton,110,183.0,M,True
Lawrence,Reeves,46,265.4,M,False
Keith,Abbott,88,153.1,M,False
Bobby,Ortiz,32,251.2,M,False
Charles,Fitzgerald,27,275.1,M,False
Jonathan,Dougherty,109,80.9,F,False
Jose,Cervantes,64,102.4,M,False
Christopher,Kramer,16,161.1,M,False
Bryan,Kirby,59,176.3,M,False
Gerald,Henderson,31,231.1,F,False
Albert,Zamora,5,278.8,F,True
Christopher,Sparks,50,258.4,M,True
Scott,Peralta,85,180.7,M,True
Gregory,Ellis,5,85.9,F,False
Lawrence,Bishop,5,272.5,F,False
Larry,Blanchard,109,212.8,F,False
Joseph,Dunlap,2,169.1,M,False
Tyler,Patterson,109,276.3,F,False
Ralph,Livingston,70,267.2,F,False
John,Krueger,83,227.5,F,False
Wayne,Graves,14,236.9,M,True
Frank,Barnett,34,220.2,M,True
Bryan,Ali,82,196.0,M,False
Lawrence,Roach,3,122.2,F,False
Kenneth,Curtis,94,177.1,M,False
Nicholas,Yang,67,231.0,F,False
David,Kane,69,117.3,F,False
Ralph,Stanton,81,234.1,F,False
Sean,Serrano,13,234.4,M,False
Ronald,Powell,76,212.1,F,False
Gerald,Gray,6,182.1,M,False
Jeremy,Sweeney,63,235.2,F,False
Ronald,Norman,76,222.9,M,True
Anthony,Zamora,47,118.0,M,True
Jeffrey,Huber,32,274.7,F,True
Raymond,Reynolds,101,112.0,M,False
Douglas,Alvarez,53,253.0,F,True
Donald,Humphrey,29,239.2,F,False
Roger,Patton,7,234.9,M,False
Roy,Cordova,29,84.8,M,True
Mason,Heath,2,238.8,F,False
Bobby,Griffith,11,160.2,M,False
Daniel,Coleman,34,200.4,F,False
Stephen,Cantu,22,246.4,M,False
Gregory,Shields,34,116.7,M,True
Philip,Brennan,81,169.6,M,True
Andrew,Mathis,78,143.8,M,False
Adam,Miranda,86,222.4,M,False
Bobby,Phillips,89,167.8,F,True
Carl,Maynard,39,98.5,M,True
Samuel,Welch,97,159.1,F,False
Lawrence,Martin,56,175.1,M,False
Mark,Preston,23,137.3,F,False
Gregory,Arellano,78,232.4,M,False
Jeremy,House,29,149.7,F,False
Willie,Dorsey,3,258.9,F,False
Jeffrey,Schultz,75,253.1,M,True
Ronald,Adams,84,175.8,M,False
Daniel,Gardner,10,259.0,M,False
Kevin,Reyes,64,212.3,F,False
Steven,Rosario,86,233.2,F,False
Patrick,Robinson,78,212.8,F,False
Harold,Kemp,5,201.7,M,False
Andrew,Sparks,13,132.0,F,False
Ralph,Cantu,15,198.6,M,True
Edward,Shelton,10,244.7,F,True
Paul,Greene,87,153.9,F,False
William,Quintana,88,277.6,M,False
Nathan,Yang,11,279.5,F,False
Albert,Brady,19,190.1,F,False
Lawrence,Case,49,80.8,F,False
Ryan,Robles,10,130.1,F,False
Mason,Valencia,67,94.7,F,False
Russell,Barrera,103,155.3,F,False
Jeremy,Harrell,55,92.9,F,True
Steven,Savage,34,132.6,F,True
Terry,Bradley,59,267.1,F,True
Mason,Simon,44,88.0,M,False
Ralph,Lugo,7,176.2,M,False
Zachary,Foley,59,138.8,M,False
Keith,Perry,63,251.3,F,False
Peter,Frank,59,213.8,F,False
Edward,Massey,64,200.3,F,True
Kevin,Wright,35,216.7,M,False
Gerald,Fry,54,153.3,F,False
Benjamin,Howard,26,260.2,F,False
Peter,Hester,45,277.8,M,False
Edward,Tapia,23,96.6,F,False
Walter,Russell,40,182.9,F,False
Donald,Henson,42,96.3,F,False
Robert,Crawford,57,101.1,M,False
Henry,Lozano,63,170.7,M,False
Joshua,Molina,107,238.5,M,False
Sean,Skinner,63,190.0,M,False
Tyler,Byrd,32,229.6,M,False
Kevin,Hunt,93,205.7,F,False
Bradley,Woods,36,243.1,F,False
Raymond,Sherman,12,127.3,F,True
William,Horton,23,119.0,M,False
Ryan,Meyers,86,119.3,M,False
Robert,Parra,15,245.4,M,False
Ralph,Mayer,4,211.8,F,False
Jacob,Mcguire,41,100.7,M,True
Gregory,Haynes,44,113.4,M,False
Douglas,Matthews,46,83.7,F,False
Raymond,Dawson,57,266.3,F,True
Aaron,Randolph,99,228.9,M,False
Jesse,Knox,21,273.7,F,False
Ethan,Vang,72,95.5,M,True
Lawrence,Hicks,4,106.6,F,False
Elijah,Murphy,56,143.5,F,True
Steven,Parker,26,154.6,F,False
Daniel,Oliver,82,274.3,F,False
Scott,Mullen,96,211.9,M,False
Michael,Mckinney,107,136.8,M,False
Timothy,Williamson,105,263.3,F,False
Russell,Blair,39,142.2,M,False
Jordan,Frost,99,213.0,F,False
Douglas,Chapman,17,187.9,M,False
Dennis,Guerra,64,248.8,F,False
Eugene,Harmon,72,108.8,F,False
Alexander,Holt,92,102.4,F,False
Juan,Wade,76,117.4,M,False
Kyle,Flynn,13,161.0,F,True
Michael,Vaughn,106,243.1,M,False
Gregory,Johnston,110,147.1,M,True
Eric,Mcclain,44,211.8,M,False
Gregory,Nichols,58,200.4,M,False
Arthur,Reeves,89,220.4,F,False
Vincent,Foley,89,213.0,M,False
Donald,Contreras,93,205.9,M,False
Joshua,Ruiz,76,245.7,F,False
Raymond,Hodge,26,247.9,F,False
Jerry,Hogan,64,145.8,M,False
Jeremy,Piñeda,101,108.2,F,False
Brian,Christensen,76,89.9,F,False
Eric,Bruce,107,210.0,M,False
Gerald,Correa,99,254.6,M,True
Carl,Nichols,52,215.4,F,True
Roy,Todd,30,274.4,M,False
Ronald,Graham,34,272.6,F,True
Juan,Glover,24,93.8,M,False
Kevin,Gomez,61,147.7,M,False
Patrick,Medina,76,131.4,F,False
Willie,West,23,202.8,F,False
Kevin,Bates,70,110.8,F,False
Wayne,Castro,86,191.6,M,False
Jason,Rangel,24,213.9,M,False
Alexander,Montoya,26,232.3,M,True
Matthew,Roberson,80,175.0,F,False
Gregory,Vang,13,82.3,F,False
Bruce,Mckenzie,21,245.3,M,False
Matthew,Valdez,23,151.6,M,False
Jesse,Harvey,15,119.8,F,False
Jack,Hampton,22,269.5,F,False
Gregory,Berry,97,208.8,F,False
Alan,Macdonald,50,204.4,F,False
Patrick,Cooper,94,231.2,M,False
Ralph,Magana,68,193.4,M,False
Robert,Hendrix,97,198.5,F,False
Roy,Conway,36,138.9,F,False
Dylan,Bruce,20,153.6,M,False
Charles,Long,8,247.3,M,True
Arthur,Ingram,92,195.1,M,False
Juan,Cortes,109,153.3,F,True
Jason,Person,46,244.1,F,False
Randy,Hendrix,74,207.5,M,False
Bobby,Shaffer,63,274.2,F,False
Jose,Clay,67,261.1,F,False
Arthur,Willis,27,157.1,M,False
Austin,Rodriguez,96,101.3,M,False
Joe,Herring,40,106.5,M,False
Jeffrey,Kane,21,90.6,M,False
Jeremy,O’neill,79,200.7,F,False
William,Rowland,45,267.1,F,False
Albert,Ashley,25,153.8,F,False
James,Morgan,72,250.3,M,False
Ronald,Rosales,3,191.0,F,False
Jeffrey,Xiong,80,162.3,M,False
Gerald,Spears,54,157.8,F,False
David,Velazquez,10,135.3,M,False
Randy,Brandt,89,272.2,M,True
Justin,Rich,72,276.7,F,False
Jacob,Klein,26,170.2,F,True
Thomas,Montoya,73,176.8,F,False
Albert,Kent,92,221.9,F,False
Brian,Young,11,163.3,F,False
Stephen,Curtis,44,99.7,F,True
Aaron,Raymond,58,96.5,M,False
Billy,Christian,12,175.1,M,False
Roy,Bean,88,149.7,M,False
Bryan,Lin,98,228.3,F,False
Brandon,Bishop,29,212.1,M,False
Samuel,Barnes,50,148.7,M,False
Gregory,Ellis,16,216.0,F,False
Lawrence,Brady,57,120.2,M,False
Jason,Christian,21,146.9,F,False
Juan,Massey,6,226.4,F,False
Logan,Henson,93,107.5,M,False
Albert,Sanchez,39,180.4,M,True
Gabriel,Fields,30,256.5,F,False
Scott,Waller,90,241.0,M,True
Brandon,Faulkner,30,213.3,M,False
Bobby,Conway,74,152.6,F,False
Zachary,Lee,54,242.6,M,True
Albert,Stuart,99,154.8,F,False
David,Vasquez,6,83.8,M,False
Andrew,Sloan,15,105.1,M,False
Patrick,Baldwin,74,193.9,M,False
Christian,Smith,74,118.9,F,False
Joseph,Farley,73,89.6,M,False
Scott,Lowe,67,200.5,F,False
Keith,Melendez,44,115.7,F,False
Terry,Schaefer,33,251.1,F,False
William,Pratt,8,231.6,M,True
Lawrence,Gilbert,6,225.6,F,False
Bobby,Anthony,66,188.6,F,False
Thomas,Harrington,50,197.7,M,False
Jeremy,Buchanan,57,213.8,F,False
George,Mills,44,204.9,F,False
Christian,Bailey,108,250.7,F,True
Harold,White,102,169.9,F,False
Logan,Villa,100,98.0,M,False
William,Ochoa,60,131.3,F,False
Ethan,Wilkins,61,169.7,M,True
Jacob,Cuevas,41,214.0,F,True
Bruce,Barnett,52,126.1,F,False
Aaron,Jimenez,32,170.2,M,False
Dennis,Mays,70,135.7,M,False
Wayne,Ortiz,36,204.8,M,True
Christopher,Krueger,63,197.3,M,False
Donald,Mcintyre,37,191.5,F,True
Raymond,Randolph,45,185.9,F,False
Patrick,Galindo,74,97.5,F,False
Gabriel,Lowery,88,178.1,M,False
Joshua,Arroyo,45,209.1,F,False
Willie,Warner,78,244.2,M,False
Randy,Everett,40,88.5,M,False
Harold,Curry,98,243.3,F,False
Anthony,Howe,109,243.6,F,False
Raymond,Byrd,55,107.5,F,True
Brandon,Fox,82,159.8,F,False
Mark,Shepard,65,86.3,M,False
Donald,Marquez,17,255.0,M,False
Justin,Roman,36,269.6,F,False
Dennis,Valentine,3,211.9,F,False
Timothy,Mullins,24,82.2,F,True
Donald,Owens,66,235.9,F,False
George,Wang,109,203.1,F,False
Ethan,Morse,57,132.1,F,False
Noah,Sellers,11,245.2,F,False
Paul,Ibarra,21,142.3,M,False
Sean,Winters,97,128.0,M,False
Brandon,Ellison,50,197.3,M,False
Jack,Crane,33,211.8,M,False
Philip,Tucker,109,195.0,M,True
Logan,Ferguson,6,111.0,M,False
Jose,Myers,93,266.3,M,False
Kyle,Santos,14,262.5,M,False
Richard,Huang,38,201.2,M,False
Harold,Ellis,44,214.7,F,True
Aaron,Durham,57,273.6,M,False
Matthew,Farmer,83,101.3,F,False
Vincent,Graves,106,112.9,M,False
Scott,Weeks,104,80.1,M,False
Gabriel,Mcmillan,94,96.2,M,False
Eugene,Chung,27,275.3,F,False
Keith,Daugherty,77,118.5,M,True
Logan,Duncan,25,212.9,F,False
Ronald,Cherry,53,162.7,M,False
Patrick,Rich,34,106.5,M,True
Benjamin,Patterson,47,230.5,M,True
Noah,Hensley,5,246.7,F,False
Paul,Murillo,104,245.1,M,False
Edward,Durham,59,190.0,M,True
Justin,Cortéz,107,175.3,F,False
Harold,Phelps,83,108.2,M,False
Matthew,Ortega,58,138.9,M,False
Stephen,Mckinney,69,234.2,M,False
Dennis,Lozano,11,145.9,M,False
Juan,Graham,50,220.6,F,False
Philip,Ramirez,67,88.0,M,False
Dylan,Villalobos,26,274.4,F,False
Raymond,Beasley,19,266.5,F,True
Robert,Carr,26,220.1,F,False
Gregory,Fleming,67,131.4,M,True
Frank,Mejia,84,139.0,F,False
Bobby,Wright,19,230.6,F,False
Bobby,Brewer,18,141.9,F,True
Benjamin,Larson,42,93.3,M,False
David,Rocha,77,186.7,F,False
Thomas,Wright,41,257.1,F,False
Gary,Olson,106,150.9,F,False
Patrick,Juarez,43,117.4,F,False
Steven,Flynn,3,176.0,F,False
Joe,Nash,65,220.5,F,False
Bradley,Barrett,45,192.4,M,False
Brian,O’donnell,19,241.5,M,False
Nathan,Peterson,28,228.2,M,False
Jeffrey,Hammond,15,159.4,M,False
Daniel,Bass,59,208.2,M,True
Mason,Buck,53,253.5,F,False
Stephen,Larson,82,123.5,M,True
Albert,Rich,32,186.7,F,False
Larry,Flores,20,145.3,F,True
Nicholas,Cameron,65,148.4,F,False
Patrick,Travis,38,174.8,M,True
Alexander,Summers,93,149.4,M,True
Willie,Velasquez,93,181.3,F,False
Gregory,Norton,30,193.6,F,False
Lawrence,Austin,14,146.6,F,False
Jeremy,Alvarado,78,228.8,M,False
Joshua,Caldwell,23,92.4,M,False
Roy,Shah,36,87.4,F,False
Robert,Russo,28,216.8,M,False
Peter,Kramer,75,110.4,F,False
Joseph,Sloan,34,88.3,M,False
Jonathan,Norman,12,238.4,M,False
Benjamin,Barrera,49,219.3,F,True
Juan,Zimmerman,1,125.7,F,True
Alan,Keith,61,161.2,M,True
Raymond,Wiggins,26,142.4,F,False
Richard,Webb,94,209.3,F,True
Kyle,Melton,108,97.4,F,False
Terry,Mclaughlin,56,127.8,M,False
Elijah,Henry,64,142.0,M,False
Timothy,Lee,35,214.7,M,False
Christian,Lopez,104,108.0,M,False
Nathan,Webb,24,187.9,F,False
Jacob,Banks,65,155.2,M,False
Samuel,Combs,54,257.9,M,True
Ronald,Andrews,73,112.0,F,False
Edward,Gordon,16,202.4,F,False
Gerald,Whitney,101,225.0,F,False
Randy,Drake,44,165.0,M,True
Gregory,Wiley,96,92.5,F,False
Adam,Mendoza,31,110.4,F,True
Matthew,Atkinson,109,274.3,F,False
Mark,Ortega,32,133.2,M,False
Daniel,Mayer,25,264.9,F,True
Peter,Henry,15,99.9,F,False
Mason,Glenn,90,222.0,F,False
Willie,Dougherty,63,179.7,F,False
Douglas,Hayden,46,203.8,F,False
Jerry,Hunter,46,80.6,F,True
Randy,Kerr,43,256.0,M,False
Zachary,Rich,20,98.9,M,False
Jonathan,Hicks,5,151.9,F,True
Jeremy,Berger,67,230.5,M,False
Ethan,Boone,86,141.1,M,False
Brian,Carroll,87,203.6,F,False
Aaron,Christensen,63,116.3,F,False
Scott,Byrd,12,128.6,M,False
Billy,Schwartz,96,109.2,F,False
Jordan,Clarke,36,117.0,M,False
Carl,Charles,75,269.2,F,True
Ethan,Mclaughlin,59,270.2,F,False
Adam,Bowers,59,101.3,F,True
Steven,Benitez,83,243.3,M,False
Jacob,Ortiz,81,129.3,M,False
Arthur,Waters,88,130.4,F,False
Bobby,Felix,84,203.5,F,False
Joe,Crane,11,201.5,M,False
Randy,Todd,1,86.9,M,False
Noah,Hunter,13,200.6,M,False
John,Gillespie,87,217.2,M,True
Eugene,Parsons,107,244.4,F,False
Robert,Franklin,66,262.9,M,False
Tyler,Larson,106,112.6,M,False
Arthur,Jennings,43,110.4,M,True
Mark,Higgins,107,163.6,M,True
Joe,Holland,3,150.3,M,False
John,Doyle,73,198.7,M,False
Jack,Wilkins,42,170.6,M,False
Anthony,Wade,35,218.3,M,False
Benjamin,Carrillo,18,90.2,M,False
Lawrence,Wiggins,66,111.9,F,False
Ethan,Mcmillan,24,100.5,F,False
Justin,Hail,90,216.7,F,True
Vincent,Ortiz,100,166.3,F,False
Raymond,Lester,9,186.5,F,False
Joseph,Juarez,19,135.8,M,False
David,Madden,98,247.2,M,False
Philip,Nichols,15,169.3,M,True
Christopher,Pearson,70,149.2,F,False
Alan,Turner,11,252.5,M,True
Steven,Duran,4,226.2,M,False
Gary,Kline,40,232.9,F,False
Jerry,Dawson,93,174.3,M,False
Bryan,Mccormick,70,154.2,F,False
Jordan,Bowman,57,252.7,M,False
Tyler,Marshall,71,231.5,F,False
George,Mcmillan,34,116.0,F,True
Jonathan,Galindo,36,241.4,F,False
Larry,Knight,62,259.4,F,False
Vincent,Galvan,35,111.4,M,False
Terry,Small,49,250.5,F,False
Nicholas,Love,2,240.6,M,True
Arthur,Greer,48,260.8,M,False
Lawrence,Solomon,81,172.5,F,False
Charles,Hendrix,90,82.1,F,False
Brian,Rollins,43,267.2,F,False
Ryan,Bryant,87,220.5,F,False
Terry,Bryant,20,102.8,F,False
Christian,Nguyen,93,142.4,F,False
Wayne,Hawkins,6,202.9,F,True
Terry,Gaines,67,161.7,M,False
Raymond,Simpson,72,81.7,F,False
Larry,Bonilla,49,174.7,F,False
Ethan,Roach,99,175.0,F,False
Jerry,Whitehead,110,90.4,M,False
Roy,Torres,63,115.2,F,False
Joshua,Parra,89,106.7,F,False
Jesse,Parsons,6,92.2,M,True
Ethan,Shelton,35,160.2,M,False
Austin,Rhodes,61,271.7,M,False
Terry,Gonzales,102,262.2,F,False
Willie,Nelson,88,114.6,M,True
Albert,Price,110,151.9,F,False
Jason,Fleming,93,120.3,M,False
Larry,Winters,90,105.1,M,True
Kevin,Clay,22,204.7,M,False
Carl,Colón,40,159.3,F,False
Aaron,Holt,91,277.3,F,False
Bryan,Snow,32,221.2,F,False
Donald,Contreras,48,145.4,F,False
Andrew,Serrano,66,90.7,F,False
Jacob,Shaw,24,256.4,M,False
Adam,Kim,14,217.6,F,False
Logan,Hansen,11,145.0,M,False
Samuel,Delacruz,69,249.3,F,False
Jose,Morrison,24,147.6,F,False
Mason,Marshall,68,159.3,F,False
Willie,Dejesus,54,112.4,F,False
Willie,Boyer,43,219.5,F,True
Robert,Lambert,62,204.6,M,True
Jordan,Williams,87,113.2,F,False
Mason,Johnston,13,252.1,M,False
Jason,Hopkins,20,262.8,M,False
Jason,Fitzgerald,39,184.7,F,False
Philip,Jenkins,32,151.2,M,False
Jeremy,Pope,35,174.8,M,False
Henry,Houston,93,279.7,F,False
Brandon,Sanford,62,217.5,M,False
Ronald,Pope,53,99.8,M,False
Lawrence,Hubbard,14,150.3,M,True
Lawrence,David,77,195.5,F,False
Joe,Truong,62,144.8,F,False
Carl,Morrow,34,103.0,F,True
Frank,Muñoz,71,192.2,M,False
Keith,Henson,4,161.3,F,False
Elijah,Page,87,278.7,F,False
Henry,Krueger,65,255.9,F,False
Adam,Donaldson,16,264.5,M,False
Bryan,Weber,94,196.0,M,False
Ryan,Richardson,56,190.1,M,False
Joshua,Felix,64,185.4,F,False
Frank,Ashley,71,236.3,M,True
Dennis,Acevedo,55,185.1,M,False
Donald,Fletcher,103,243.8,M,True
Walter,Osborne,22,88.5,F,False
Russell,Dillon,89,126.0,M,True
Paul,Wilkerson,22,251.1,M,False
Richard,Flowers,43,185.7,F,False
Dylan,Velasquez,108,245.5,F,False
Harold,Webster,92,168.1,F,False
Scott,Valencia,104,127.7,M,False
Joseph,Knight,28,177.1,F,False
Ralph,Jacobson,26,91.6,M,True
Peter,Mahoney,82,175.6,M,False
Ronald,Perez,65,214.7,F,False
Walter,Weber,72,163.4,F,False
Eugene,Mclaughlin,23,265.7,F,False
Dylan,Herman,49,187.4,M,True
Kyle,Whitehead,27,87.8,M,False
Carl,Meadows,44,213.8,F,False
John,Lu,98,238.5,M,False
Paul,Larsen,6,142.7,M,False
Jeremy,O’connell,33,236.3,M,False
Benjamin,Trejo,18,194.9,F,False
Nicholas,Wallace,20,155.4,F,False
Scott,Mata,13,237.8,F,False
Kyle,Kramer,88,136.2,F,False
Randy,Mcdonald,95,167.5,F,False
Paul,Brady,45,276.0,F,False
Joe,Ávila,96,124.0,M,False
Anthony,Meza,54,173.1,F,False
Jonathan,Ramsey,71,212.8,M,False
Ronald,Mendez,15,104.2,F,True
Dylan,Peck,86,215.0,M,False
Willie,Bartlett,75,248.8,M,False
Joe,Jordan,100,258.9,M,True
Timothy,Cuevas,93,101.1,M,False
Bryan,Lugo,105,242.4,F,False
Jeffrey,Crawford,71,139.2,F,False
Patrick,Fields,59,92.8,M,False
Brian,Guevara,65,84.6,M,False
Keith,Graves,27,84.2,F,False
Carl,Enriquez,64,126.9,M,False
Randy,Waters,109,268.7,F,True
Richard,Villa,39,199.0,F,False
Roger,West,34,153.2,M,False
Steven,Knox,93,207.5,F,False
Bryan,Hurst,44,271.9,F,False
Bruce,Anderson,101,179.1,M,False
Sean,O’connor,66,251.8,F,False
Jacob,King,99,212.1,F,True
Andrew,Vo,77,173.8,M,False
Brandon,Esparza,79,276.6,F,False
Gregory,Cordova,73,126.4,F,False
Alexander,Burke,78,263.7,F,False
Daniel,Villa,7,253.3,F,False
Gerald,Briggs,54,226.9,M,False
Austin,Jordan,66,239.2,M,True
Steven,Boyer,67,135.8,M,True
Nicholas,Clements,62,81.6,F,False
Alan,Beard,29,272.9,F,False
Tyler,Brown,21,237.3,M,True
Joseph,Trujillo,52,264.6,M,True
Benjamin,Lloyd,98,200.2,M,False
Gregory,Murillo,93,235.1,F,True
Charles,Schaefer,31,250.0,M,True
Harold,Chavez,1,153.9,F,False
Christian,Hester,27,136.1,M,False
Lawrence,O’connor,61,105.5,M,False
Mason,Parra,24,85.3,M,False
Wayne,Douglas,57,173.7,M,False
Paul,Cherry,93,170.0,M,False
Jerry,Pratt,55,274.6,F,True
Patrick,Peters,19,263.6,F,False
Dennis,Dillon,104,153.4,M,False
Ryan,Pearson,110,161.0,M,False
Jerry,Medrano,59,147.8,M,False
William,Blake,102,156.3,F,False
Ronald,Shepherd,28,95.9,M,False
Philip,Thompson,109,237.7,F,False
Aaron,Stanley,63,175.5,F,False
Russell,Vo,88,268.0,F,False
Jordan,Crane,83,126.3,F,False
Eugene,Stone,103,224.1,M,False
Aaron,Ryan,59,143.3,M,True
Vincent,Lang,57,266.6,M,False
Zachary,Mata,96,253.2,M,False
Arthur,Hutchinson,29,90.8,F,False
Billy,Browning,25,136.1,F,False
Arthur,Hurst,7,106.1,F,False
Christian,Terrell,97,165.3,M,False
David,Bryant,48,109.8,M,False
Bradley,Shaffer,93,148.1,F,False
Mason,Adkins,65,90.0,M,False
Donald,Goodwin,108,145.4,F,False
Dylan,Mayo,65,181.9,F,True
Robert,Daniel,103,85.5,F,True
Charles,Savage,99,159.3,F,False
Randy,Hamilton,105,112.7,F,True
George,Phillips,30,137.7,F,True
Daniel,Felix,28,168.1,F,False
Sean,Davenport,9,226.7,F,False
Jesse,Welch,19,268.6,F,False
Noah,Lucero,71,145.9,M,False
Paul,Liu,26,141.6,F,False
Douglas,Holloway,97,274.3,M,True
Elijah,Ramsey,9,209.5,F,True
Jonathan,O’brien,30,210.3,M,False
Sean,Pratt,77,97.8,F,False
Nicholas,Sherman,83,81.8,F,False
Scott,Roach,24,82.8,F,False
Ralph,Portillo,79,133.3,F,False
Paul,Allen,35,113.3,M,False
Billy,Butler,106,206.2,F,False
Ryan,Morrow,105,144.7,M,False
Justin,Chavez,84,263.1,M,False
Ethan,Li,99,162.0,M,False
William,Parks,108,118.8,M,False
Jack,Pugh,17,183.9,F,False
Albert,Woodard,107,271.1,F,False
Daniel,Nichols,16,109.6,F,False
Roy,Whitaker,36,193.6,M,False
Kevin,Jennings,44,235.9,F,False
Nathan,Summers,85,125.4,F,False
Brian,Garcia,54,90.3,M,False
Philip,Hebert,63,213.0,F,True
Austin,Riley,58,170.4,F,False
Adam,Elliott,97,259.7,M,False
Paul,Brandt,42,206.5,F,False
Andrew,Mcpherson,43,220.3,F,False
George,Snyder,55,247.1,F,True
Billy,Cunningham,87,251.1,F,True
Kenneth,Vance,34,121.7,M,False
David,Lane,60,112.9,F,False
Kenneth,Walsh,44,132.2,F,False
Russell,Dalton,69,80.1,F,True
Ryan,Goodman,37,140.0,F,False
Mason,Stafford,38,276.1,F,False
Juan,Galvan,103,98.3,M,False
Paul,Hensley,7,161.0,M,False
Thomas,Soto,14,94.0,M,True
Joshua,Trujillo,49,268.7,M,False
Bradley,Monroe,29,252.8,F,True
Christopher,Townsend,99,186.6,M,False
Christopher,Acosta,52,196.0,F,False
Jesse,Hebert,32,207.2,M,False
Wayne,Rosas,5,191.6,M,False
Christian,Green,71,205.0,M,True
Aaron,Briggs,106,152.8,M,False
Jordan,Marquez,106,230.4,F,False
Benjamin,Hughes,30,142.6,F,False
Stephen,Simpson,27,153.7,M,False
Randy,Guevara,95,118.1,F,False
Nathan,Brown,72,214.7,M,False
Aaron,Petersen,52,102.4,M,False
Jason,Neal,53,220.6,F,False
Frank,Pennington,69,274.0,M,False
Larry,Henson,73,96.4,M,True
Edward,Brock,28,160.5,M,True
Harold,Randall,66,110.3,F,False
Thomas,Faulkner,5,160.8,F,False
Edward,O’neal,49,200.5,F,False
Adam,Bruce,47,167.1,M,False
Steven,Reyna,29,256.7,F,False
Jordan,Whitehead,58,126.3,M,True
Jesse,Clay,109,257.5,F,False
Jesse,Daniels,100,143.6,F,False
Adam,Evans,11,162.6,F,False
Edward,Mcintosh,84,182.4,M,True
Kevin,Evans,69,127.9,M,True
Christopher,Horne,10,166.3,M,False
Benjamin,Compton,103,236.5,M,True
James,Buchanan,57,136.1,F,False
Eric,Sloan,63,132.1,M,False
Justin,Edwards,21,190.4,M,False
Larry,Wall,57,209.0,F,False
Steven,Burton,3,235.2,F,False
Juan,Mcintyre,31,186.0,M,False
Gregory,Farmer,95,250.3,M,False
Randy,Weaver,104,93.9,F,False
Raymond,Maynard,60,207.4,M,False
Keith,Oliver,83,257.3,F,False
Vincent,Booker,78,99.2,F,False
Justin,Douglas,75,250.9,M,False
Joshua,Collier,9,276.2,M,True
Kevin,Avery,69,139.3,M,True
Douglas,Morrison,17,133.2,M,True
Anthony,Williams,104,231.8,M,False
Sean,Orr,12,137.1,M,False
Peter,Walsh,55,105.7,F,False
Christian,Armstrong,66,229.0,M,False
Aaron,Doyle,6,255.4,M,False
Juan,Lucero,44,168.9,F,False
Ryan,Alvarez,60,99.0,M,True
Steven,Townsend,7,223.6,F,True
Samuel,Galindo,41,120.8,M,True
Thomas,Bush,98,245.5,M,False
Nathan,Clayton,26,118.4,M,False
Charles,Blake,78,142.8,M,False
Carl,Norris,104,208.3,F,False
Bradley,Lewis,68,223.8,M,False
Bobby,Howard,70,107.0,M,False
Joseph,Contreras,67,136.7,F,False
Eugene,Coffey,7,238.4,F,False
Albert,Peña,1,194.1,F,False
Daniel,Rios,94,159.3,F,False
Douglas,Mccarthy,41,159.7,F,False
Gerald,Dougherty,51,231.5,M,False
Scott,Henderson,43,135.4,F,False
Edward,Matthews,88,162.3,F,False
George,Fisher,84,270.3,M,True
Elijah,Barrett,90,108.3,F,False
Paul,Hubbard,33,203.8,M,True
Christopher,Montgomery,100,126.3,F,False
Jack,Pugh,57,120.0,F,False
Zachary,Byrd,51,157.4,F,False
Peter,Mccann,73,116.1,F,False
Patrick,Manning,72,177.5,F,False
Philip,Small,72,189.1,F,False
Jordan,Tucker,18,254.3,M,True
James,Beard,10,195.5,M,False
Carl,Harmon,17,251.0,M,False
Anthony,Rosas,32,128.6,M,True
Elijah,Cameron,27,155.7,F,False
Philip,Lowe,20,184.9,M,True
Edward,Jefferson,22,101.2,M,False
Zachary,Huerta,10,145.4,M,False
Eric,Kemp,37,225.4,M,True
Nathan,Larson,7,91.2,F,True
Ronald,Lambert,100,250.6,M,False
Justin,Murillo,58,104.1,F,False
Timothy,Duke,80,263.6,F,False
Sean,Simon,102,143.1,F,False
Philip,Wiley,7,270.3,M,False
Jordan,Mullen,42,131.3,F,False
Jerry,Higgins,94,245.9,M,False
Arthur,Chang,48,205.7,F,False
Gabriel,Ray,7,242.6,F,False
Dylan,Beck,1,158.0,M,False
Dennis,Shepard,26,131.3,M,False
Mason,Andersen,29,165.3,M,False
Aaron,Simon,104,188.9,M,False
Bobby,Acevedo,102,238.7,M,True
Patrick,Whitney,95,143.3,F,False
Sean,Randall,15,136.3,M,False
Ronald,Weiss,12,93.6,M,False
Lawrence,Norris,20,187.8,M,False
Mason,Gonzales,56,212.8,F,False
Brian,Saunders,17,241.4,F,False
Jordan,Parsons,42,150.9,M,False
Albert,Bonilla,24,140.9,F,False
Benjamin,Fowler,45,136.3,M,False
Gary,Harvey,80,119.2,M,False
Charles,Olson,5,194.2,M,True
Michael,Goodwin,3,251.4,M,True
Gary,Sutton,93,118.6,F,False
Jeffrey,Parks,85,204.4,F,False
Douglas,Small,50,144.0,M,True
Tyler,Patterson,73,209.1,F,False
Bobby,Petersen,69,189.6,M,False
Christopher,Blankenship,52,173.3,M,False
Douglas,Zamora,25,156.4,M,False
Gregory,Mendoza,71,179.2,M,False
Keith,Graves,71,113.6,M,False
Sean,Hughes,71,102.5,M,False
Aaron,Hunter,93,181.1,F,True
Jeremy,Friedman,90,272.7,F,True
Gregory,Arnold,93,243.6,M,False
Elijah,Salas,73,118.0,F,False
Randy,Duke,97,171.6,F,False
Bruce,Hodges,12,166.8,F,False
Billy,Barrett,82,200.0,F,False
Alan,Glenn,70,230.6,M,True
Walter,Adams,102,135.1,F,False
George,Villarreal,86,268.5,M,True
Carl,Sawyer,20,223.2,F,False
Anthony,Hines,4,159.1,M,False
Jose,Hester,102,271.6,F,False
Robert,Chen,26,250.3,M,False
Vincent,Hammond,39,205.4,F,True
Alan,Shaw,38,122.1,M,False
Aaron,Carrillo,106,248.0,F,False
Roy,Eaton,78,175.7,F,False
Timothy,Shannon,64,154.6,M,True
Kevin,Wiggins,31,230.5,M,False
Christian,Melendez,50,180.8,F,False
Keith,Meza,13,117.6,F,False
Gabriel,Church,91,105.0,F,False
Jason,Hodges,70,160.8,M,False
Jerry,Shaw,38,131.2,F,False
Jerry,Rodriguez,17,165.8,F,True
Austin,Luna,87,180.6,F,False
Jason,Morrow,52,139.0,F,False
Harold,Hampton,86,185.6,M,False
Tyler,Harrison,46,80.6,F,False
Willie,Glover,36,198.7,F,False
Billy,Mcmahon,24,247.9,F,False
Austin,Cabrera,101,217.5,M,False
Roy,Cervantes,24,139.7,M,False
Willie,Berry,83,155.3,F,False
Roger,Haley,92,121.9,M,True
Jordan,Lee,28,201.3,M,False
Jose,Simon,21,178.2,M,False
Peter,Stout,40,229.3,F,False
Willie,Sampson,56,191.8,F,False
Steven,Skinner,43,139.3,M,False
Russell,Olson,88,89.3,M,False
Kenneth,English,65,123.7,M,False
Keith,Brady,93,245.1,F,False
Daniel,Padilla,42,191.2,F,False
Bobby,Barrera,38,226.9,F,False
Anthony,Neal,22,247.5,M,False
Keith,Richmond,54,182.6,M,False
Jacob,Erickson,60,163.2,M,False
David,Tapia,51,115.0,F,False
Thomas,Allison,68,168.0,F,False
Donald,Herman,70,265.8,M,False
Stephen,Farrell,74,142.7,M,True
Jacob,Andrade,23,229.1,M,False
Jordan,George,4,210.0,M,False
Roger,Huffman,70,113.3,F,False
Justin,Chapman,103,271.2,F,False
Albert,Ferguson,109,278.4,F,False
Ralph,Trevino,8,115.3,M,False
Kevin,Wallace,106,237.4,M,False
John,Moody,29,275.5,M,False
Charles,Stanley,88,276.9,M,False
Philip,Estes,78,249.5,F,False
Patrick,Heath,34,221.6,M,False
Alan,O’connell,34,269.9,F,False
Elijah,Whitaker,88,131.5,F,False
Roy,Norris,34,147.2,M,False
Dylan,Hardy,10,250.3,F,False
Randy,Duke,35,132.3,F,False
Benjamin,Cummings,85,279.9,F,False
Sean,Allen,47,217.9,F,True
Robert,Ward,33,98.1,M,False
John,Arias,49,202.5,M,False
Paul,Sharp,73,269.2,M,False
Russell,Kent,75,96.0,F,False
George,Pittman,45,220.2,F,False
Ronald,Parks,70,248.4,F,False
Austin,Wong,30,258.0,F,False
Dylan,Spence,103,193.0,M,True
William,Mccullough,3,87.6,F,True
Alan,Pollard,73,126.8,F,False
William,Kennedy,95,175.4,F,False
Roy,Lowe,78,244.8,M,False
George,Beltran,11,93.7,M,False
Nathan,Fry,107,99.5,M,False
Nathan,Knox,95,195.3,M,True
Jordan,Hines,68,223.0,M,False
Vincent,Caldwell,99,205.5,F,False
Douglas,Rice,14,225.2,F,False
Sean,Montoya,107,239.2,M,True
Harold,Xiong,88,253.0,M,True
Joseph,Lindsey,48,150.4,M,False
Sean,Madden,57,157.0,F,False
Larry,Wolfe,45,116.4,F,False
Gerald,Cordova,74,105.1,M,False
Ronald,Fitzgerald,44,202.9,F,False
Stephen,Frazier,89,81.0,M,False
Bryan,Short,26,245.7,M,False
Aaron,Wilson,102,85.2,M,False
Scott,Poole,104,92.0,M,False
Dennis,Mcdowell,3,151.1,M,True
Jason,Watson,81,113.8,F,False
Richard,Suarez,101,187.3,F,True
Peter,Howell,86,274.9,F,False
Edward,Hodge,13,152.7,M,False
Willie,Lewis,49,100.0,M,False
Jeffrey,Warner,106,120.5,M,False
Russell,Bautista,87,260.0,M,False
Justin,Barron,87,84.2,F,False
Daniel,Portillo,73,220.6,F,True
Jose,Mata,58,210.5,M,True
Sean,Snow,2,250.7,F,False
David,Rowe,66,115.1,F,False
Thomas,Maldonado,31,267.9,F,False
Jack,Jimenez,54,99.3,M,False
Ethan,Riley,92,180.9,F,False
Jose,Humphrey,70,230.2,M,False
Terry,Davis,93,189.3,M,True
Alexander,Noble,36,276.3,F,False
David,Villarreal,17,265.7,M,False
Harold,Weber,64,216.0,F,False
Tyler,Hardy,52,202.8,F,False
Jesse,Medina,82,127.2,M,False
Tyler,Lara,10,218.3,M,False
Eric,Padilla,67,133.3,F,True
Roger,Ward,18,193.5,F,False
Noah,Leach,46,168.9,F,True
Gerald,Conrad,106,190.6,F,False
Brian,Moody,12,210.6,F,False
Alexander,Ochoa,54,108.6,F,False
Lawrence,Kent,28,95.3,M,False
Anthony,Vaughan,23,231.5,M,False
Joshua,Pennington,47,162.2,F,False
Patrick,Franklin,96,97.1,F,False
Kyle,Curry,46,191.7,M,False
Stephen,Ayers,108,148.6,F,False
Steven,Blackburn,103,170.5,F,False
Anthony,Esparza,2,165.0,M,False
Ronald,Massey,2,265.4,F,False
Christopher,Medina,81,271.4,F,False
Ralph,Lu,67,206.6,F,False
Joe,Norton,85,114.6,F,False
Stephen,Preston,71,239.2,M,False
Brian,Callahan,82,272.6,M,False
Roger,Jordan,107,95.3,M,False
Scott,Lawrence,98,173.5,F,True
Ryan,Krueger,78,184.5,F,False
Richard,Pope,79,236.4,F,False
Ethan,Yates,58,193.5,F,False
Randy,Johnson,99,117.3,F,False
Willie,Duarte,104,206.4,F,True
Peter,Charles,58,161.3,M,False
Eric,Vasquez,49,168.8,M,True
Jerry,Fuentes,7,222.6,M,False
Samuel,Weber,5,267.0,F,False
Carl,Moses,82,147.0,F,False
Benjamin,Velez,80,129.3,M,False
Bruce,Greene,96,180.7,M,True
Gerald,Bailey,88,154.3,M,True
Billy,Jordan,31,276.0,F,True
Jose,Sawyer,80,272.6,M,True
Charles,Rojas,56,188.4,F,False
Frank,Phillips,38,189.2,M,False
Michael,Holmes,109,241.6,M,False
Patrick,Barnes,13,212.6,F,False
George,Weeks,80,147.6,M,False
Randy,Chandler,103,142.9,F,False
George,Trujillo,40,224.3,F,True
David,Houston,81,254.7,M,False
Noah,Keith,57,259.3,F,False
Richard,Mckee,102,251.0,F,False
Larry,Vu,33,80.6,F,False
Frank,Riley,27,249.8,F,False
Kenneth,Ware,23,176.4,M,False
Bradley,Sampson,37,174.4,F,False
Edward,Jacobson,75,129.5,F,False
Terry,Jones,31,81.8,M,False
Philip,Walters,54,133.7,M,True
Steven,Huber,35,248.5,F,False
Jose,Hood,47,163.3,F,True
Kenneth,Perkins,37,269.0,F,False
Edward,Massey,60,200.5,F,False
Andrew,Lane,90,190.6,M,False
Dylan,Sellers,37,260.8,F,True
Paul,Glover,40,242.3,F,False
Terry,Payne,50,115.8,M,False
Joseph,Richardson,22,166.6,F,False
Austin,Kent,49,119.2,F,False
Gary,Lawrence,25,276.7,M,True
Austin,Felix,11,207.6,M,False
Randy,Short,44,81.6,M,True
Albert,Fernandez,34,276.3,F,False
Mason,Maddox,36,274.1,M,False
Jordan,Roy,53,127.6,M,True
Sean,Fuentes,57,181.4,M,False
Roger,Stephens,74,107.7,F,False
Aaron,Aguilar,60,90.3,F,False
Larry,Beck,70,172.2,F,False
Joe,Perkins,91,263.7,F,False
Larry,Grant,79,243.1,F,False
Samuel,Walker,94,252.6,F,False
James,Hubbard,55,119.6,F,False
Raymond,Mcdonald,95,155.4,F,False
Bobby,Giles,32,208.1,F,False
Lawrence,Christensen,88,80.7,F,False
Albert,Lim,9,189.4,M,False
Roger,Blanchard,79,232.4,F,False
Walter,Arroyo,85,219.6,F,False
Raymond,Combs,15,153.6,M,True
Frank,Paul,102,161.8,F,False
Jack,Schwartz,58,90.6,F,False
Harold,Maldonado,79,130.4,M,False
Ronald,Keller,53,269.3,M,False
Terry,Vaughn,3,241.1,F,True
Elijah,Roman,46,147.6,F,False
Stephen,Haynes,108,253.1,F,True
Arthur,Shelton,9,163.8,M,False
Richard,Harvey,79,142.7,M,True
Austin,Hayden,28,123.2,F,True
Elijah,Hubbard,18,107.6,M,True
Russell,Lewis,72,247.1,M,False
Philip,Deleon,98,127.4,M,True
James,Hoffman,52,118.5,F,True
Eugene,Walton,57,210.0,F,False
Ralph,Mcpherson,61,251.3,M,False
Mason,Merritt,21,209.7,F,False
Tyler,Bond,57,231.4,F,False
Joe,Mora,90,236.5,M,False
Donald,Mercado,36,85.5,F,False
Juan,Meadows,75,240.6,M,False
George,Morse,35,268.6,F,False
Frank,Wyatt,97,113.9,F,True
Jose,Beasley,86,244.8,M,False
Richard,Cortéz,69,190.1,M,True
Zachary,Wise,91,197.0,M,False
Wayne,Best,99,181.7,M,True
Roger,Sullivan,26,128.3,M,False
Christopher,Todd,71,197.3,F,True
George,Beltran,86,128.4,M,False
Andrew,Rose,72,95.5,F,True
Thomas,Parsons,59,85.8,F,True
Albert,Aguirre,26,148.5,M,True
Eric,Lu,1,172.3,M,False
Ralph,Dixon,8,264.7,M,False
Jacob,Robles,99,126.3,F,False
Daniel,Barrera,13,237.8,F,True
Terry,Stout,23,190.5,M,False
Dylan,Herrera,43,187.7,F,True
Robert,Pope,87,184.4,F,False
Samuel,Roman,89,91.3,F,True
Logan,Graves,10,210.8,F,False
Bryan,Graves,94,198.4,M,False
Christopher,Callahan,43,128.1,M,False
Joshua,Herrera,23,276.5,F,False
Juan,Lester,49,94.6,M,False
Ralph,Shaw,37,188.4,F,True
Adam,Levy,75,131.0,M,False
Benjamin,Lucas,69,176.6,M,False
Jason,Dean,48,241.6,M,False
Jack,Cherry,3,97.5,M,False
Vincent,Randall,28,172.8,F,False
Jesse,Mayer,46,93.5,F,True
Bradley,King,79,81.2,F,True
Justin,Perry,53,262.6,M,True
Bradley,Stone,94,100.4,M,False
Dennis,Swanson,32,135.4,F,False
Brian,Atkins,77,104.7,M,False
Sean,Flynn,107,117.6,F,False
Robert,Alfaro,58,189.3,F,True
Douglas,Chavez,3,253.5,F,False
Noah,Hanson,92,130.4,F,False
Vincent,Allen,64,84.3,F,True
Scott,Park,66,153.8,M,False
Charles,Rollins,36,243.1,F,False
Sean,Young,77,135.7,F,False
Jason,Huynh,36,210.5,M,False
Charles,Martinez,71,154.8,F,False
Vincent,Lowe,71,275.4,F,False
Benjamin,Garner,18,174.2,F,False
George,Knapp,96,137.1,M,False
Nathan,Quintana,69,121.3,M,False
Michael,Peña,13,213.4,M,True
Jacob,Dyer,6,234.4,F,False
Wayne,Hayden,91,132.1,M,False
Andrew,Sloan,105,159.3,F,False
Bryan,Beck,80,262.2,M,False
Andrew,Alvarado,96,121.3,M,True
Scott,Glenn,29,241.3,M,False
Noah,Hickman,17,186.9,F,True
Donald,Skinner,74,140.4,M,False
Douglas,Buck,37,81.7,M,False
Philip,Duncan,62,83.3,F,False
Elijah,Koch,47,225.1,M,False
Nathan,Strickland,98,223.8,F,True
Andrew,Ibarra,64,274.2,M,False
Scott,Robbins,28,232.0,M,True
Dennis,Jones,57,96.2,F,False
Christopher,Golden,23,187.6,F,False
Charles,Faulkner,7,111.0,F,False
Richard,Reilly,76,80.5,F,True
Steven,Everett,68,110.4,M,True
Roger,Eaton,17,243.7,F,True
Daniel,Dougherty,8,154.2,M,True
Charles,Xiong,67,255.2,F,True
Patrick,Gordon,49,124.4,M,False
Gabriel,Knight,51,178.3,F,False
Gerald,Howell,26,245.4,F,False
Anthony,Lawrence,38,92.3,F,False
Brandon,Henderson,7,177.2,M,False
Jonathan,Wall,60,265.4,F,False
Alexander,Valencia,48,107.5,M,True
Gary,Mcconnell,54,273.1,F,False
Mark,Blevins,49,237.4,M,False
Eric,Cannon,77,184.0,F,False
Harold,Meadows,47,88.5,F,False
Larry,Orr,74,273.6,M,False
Jordan,Morgan,51,137.8,M,False
Elijah,Sherman,61,203.0,F,False
William,Walter,88,91.6,F,True
Andrew,Howard,65,135.6,F,True
Thomas,Dorsey,99,142.5,F,True
James,Palacios,28,82.8,M,False
Jeremy,Mcclure,101,164.6,F,False
Lawrence,Sullivan,71,95.3,M,True
Jason,Mahoney,4,137.4,M,False
Gabriel,Chung,63,125.4,M,False
Daniel,Tyler,16,102.3,M,False
Christian,Zimmerman,89,172.1,F,True
Samuel,Alvarez,43,154.7,F,False
Matthew,Mullen,11,220.2,F,False
Eugene,Suarez,100,113.1,F,False
Henry,Avalos,45,263.8,F,False
Joseph,Herman,84,185.1,F,False
Jonathan,Monroe,25,115.8,F,False
Billy,Faulkner,40,178.6,M,False
Mark,Morales,16,200.2,M,False
Justin,Rose,17,274.5,F,False
Kyle,Ponce,53,201.6,F,False
Jose,Hartman,75,155.9,M,False
Gregory,Cortéz,78,231.7,M,True
Andrew,Norman,59,240.0,F,False
Philip,Henry,23,148.0,M,True
Alexander,Bean,109,214.2,F,False
Kevin,Ávila,39,165.3,F,False
Joe,Goodwin,32,80.4,M,False
Charles,Vincent,68,162.1,F,True
Vincent,Hardin,10,117.6,M,False
Peter,Garcia,34,133.4,F,True
Harold,Jenkins,17,122.7,M,False
Jacob,Whitaker,5,220.1,F,False
Terry,Mccullough,21,241.0,F,False
Vincent,Estes,31,148.7,M,True
Andrew,Alvarado,38,109.0,F,True
Jacob,Hampton,56,137.6,M,False
Gregory,Hickman,17,147.9,M,False
Kevin,Stafford,68,164.6,F,True
Kenneth,Crane,106,151.9,F,False
Gregory,Coleman,94,129.6,F,False
Arthur,Douglas,24,153.1,F,False
Kenneth,Morton,110,228.1,M,False
Eric,Frost,39,135.1,F,False
Zachary,Adams,29,154.9,M,False
Gabriel,Phillips,57,116.1,M,False
Gregory,Hammond,64,132.0,M,False
Sean,Hoover,81,145.9,F,False
Bryan,Higgins,40,259.1,M,False
Lawrence,Gentry,92,108.6,M,False
Terry,Roach,82,254.2,M,False
Zachary,Fitzpatrick,103,118.0,M,True
Michael,Kennedy,105,130.8,F,True
Dylan,Reese,45,222.0,F,True
Mason,Hunt,48,143.1,M,False
Zachary,Gonzalez,84,264.7,F,False
Jacob,Brown,56,278.0,F,False
Henry,Powers,49,224.5,F,False
Eric,Copeland,109,83.2,F,False
Elijah,Schultz,63,165.5,M,False
Joe,Richards,73,169.8,F,False
Randy,Cunningham,50,85.3,M,False
Roy,Webster,7,171.3,F,False
Brian,Sosa,71,92.2,F,False
Bryan,Villanueva,93,259.7,F,False
Jason,Gallegos,12,87.0,F,False
Peter,Brady,94,117.6,F,False
Wayne,Knox,82,268.3,F,False
Joshua,Nguyen,92,131.6,F,False
Peter,Singh,84,114.9,M,False
Bryan,Johns,97,183.3,M,False
Gabriel,Mercado,65,176.0,M,True
Andrew,Ochoa,6,93.7,M,False
Larry,Lim,83,180.4,F,False
Nathan,Dickson,87,265.9,M,False
Kevin,Crane,37,133.8,F,False
Jacob,Chambers,5,148.7,F,False
Terry,Carey,12,228.8,M,False
Albert,Rocha,100,226.4,F,True
George,Cross,57,161.6,M,False
Joshua,Underwood,19,273.6,F,False
Samuel,Robbins,92,239.0,F,False
Joe,Spence,5,166.8,F,False
Dennis,Pruitt,107,157.9,F,False
Bobby,Blankenship,47,210.0,M,False
Gabriel,Escobar,75,264.7,F,True
Jack,Berg,95,210.8,M,False
Jeffrey,Fowler,10,148.9,F,False
Jason,Randolph,31,260.5,M,False
Daniel,Caldwell,102,157.0,M,False
Andrew,Estrada,103,82.3,M,False
Dennis,Patrick,110,181.4,F,True
William,Callahan,88,209.3,F,False
Dylan,Sellers,65,208.6,F,False
Ryan,Randall,37,174.2,M,False
Willie,Caldwell,75,217.2,F,True
Bradley,Humphrey,41,264.1,F,False
Juan,Rios,69,89.8,F,True
Frank,Jimenez,68,118.5,M,False
Charles,Owen,10,197.9,M,False
Kyle,Enriquez,99,266.0,M,False
Brian,Durham,103,90.4,M,False
Samuel,Duffy,102,185.2,M,False
Billy,Fuentes,80,161.8,M,False
Andrew,Waller,32,263.8,F,False
Gerald,Paul,20,196.0,M,False
Tyler,Porter,89,130.6,M,False
Andrew,Chase,102,120.3,M,False
Patrick,Dennis,5,176.7,M,False
Eugene,Fuller,90,167.0,F,False
Thomas,Wallace,64,263.4,M,False
Edward,Brown,95,149.3,F,False
Scott,Cano,20,190.1,M,False
Aaron,Henry,24,234.5,F,False
Kenneth,Kemp,106,266.1,F,True
Frank,Harvey,107,152.1,M,False
Randy,Reyna,59,217.2,F,False
Anthony,Landry,34,217.6,F,True
Scott,Sampson,7,102.0,F,False
Mason,Glenn,22,173.0,M,False
Noah,Brock,75,173.5,M,False
Patrick,Dudley,48,86.5,M,False
Roy,Vega,103,137.5,F,False
Willie,Stein,99,161.8,M,False
Adam,Moody,77,211.6,F,False
Douglas,Dickerson,9,177.8,M,False
Jacob,Carey,35,136.1,F,False
Thomas,Juarez,88,120.9,M,True
Daniel,Madden,64,145.5,M,True
Elijah,Farmer,63,157.9,M,False
Dylan,Morton,28,272.0,F,False
Dennis,Lee,48,206.9,M,False
Brian,Parrish,28,170.3,M,False
Ryan,Hansen,108,136.2,M,False
George,Park,93,161.5,F,False
Gabriel,Thornton,56,100.7,F,False
Jeffrey,Leach,34,271.6,F,False
Nathan,Chase,77,255.9,F,False
Andrew,Benton,45,114.9,F,False
Sean,Correa,71,164.0,M,True
Carl,Villarreal,79,242.3,F,False
Scott,Acosta,80,230.1,M,False
Alexander,Norman,68,231.2,M,False
Daniel,Trejo,75,269.4,F,False
Steven,Jarvis,42,225.2,F,True
Roy,Hines,104,244.6,F,False
James,Gould,93,93.8,F,False
Harold,Meyers,39,136.5,M,True
Peter,Calhoun,45,214.8,F,False
Patrick,Rosas,72,206.5,F,True
Harold,Magana,101,143.3,F,False
Jeffrey,Krueger,101,190.0,F,False
Ethan,Moreno,70,159.4,M,False
Charles,Austin,3,210.1,M,False
Roy,Cohen,89,198.6,M,False
Kevin,Durham,46,139.3,F,False
Edward,Wang,109,198.1,M,False
John,Mclean,5,153.8,M,False
Patrick,Cardenas,15,128.5,M,False
Juan,Ramirez,5,240.4,F,False
Paul,Bernard,87,230.6,F,False
Alexander,Kline,34,223.9,F,False
John,Rollins,6,200.5,M,False
James,Rush,49,199.1,M,False
Ronald,Villanueva,83,272.1,M,True
Elijah,Dalton,87,113.6,M,False
Brandon,Gillespie,52,81.1,M,False
Willie,Hale,69,120.4,F,False
Adam,Conner,74,131.2,F,False
John,Lee,65,102.1,M,False
Joshua,Mack,104,124.2,F,False
Ronald,Huff,107,83.2,F,False
Dylan,Hurst,71,250.0,F,True
Larry,Durham,94,94.9,M,False
Joshua,Harding,20,216.1,F,True
Philip,Baxter,63,81.6,M,False
Roy,Mendoza,18,171.2,M,False
Mark,Chavez,23,121.3,F,True
Mark,Hale,69,241.0,F,False
Nathan,Bass,93,273.0,M,False
Gregory,Lester,108,230.7,F,False
Walter,Marquez,31,267.5,F,False
Michael,Paul,27,183.6,M,False
Frank,Rocha,83,161.9,F,False
Dennis,Kerr,43,85.7,M,False
Brian,Briggs,12,103.4,F,False
Russell,Barker,7,168.0,M,False
Frank,Hood,104,132.9,F,True
Vincent,Spears,48,98.7,M,False
Ronald,Paul,107,130.7,M,False
Jeffrey,Hunter,65,120.3,F,True
Frank,Piñeda,79,158.7,F,False
Arthur,Quintero,61,198.3,M,False
Nathan,Hebert,27,162.9,M,True
Patrick,Bell,68,257.7,M,False
Walter,Daugherty,13,101.0,F,True
Nathan,Blevins,106,190.3,F,False
William,Grimes,23,103.3,M,True
Noah,Casey,11,152.6,F,False
Larry,Johns,29,160.8,F,False
Jacob,Lu,108,144.9,F,False
Jacob,Nixon,67,216.3,F,True
Christian,Sharp,79,128.3,M,False
Douglas,Mays,77,217.7,M,False
Jesse,Robinson,96,267.6,M,False
Douglas,Greene,92,259.5,M,True
Richard,Rodriguez,109,121.0,F,False
Jordan,Combs,38,137.7,M,False
Daniel,Harper,73,169.9,M,False
Juan,Bradford,44,87.7,M,True
John,Choi,54,161.1,M,False
Sean,Heath,76,206.5,M,False
John,Klein,80,244.3,F,False
Elijah,Rios,8,116.4,M,True
Anthony,Solis,66,238.7,M,False
Roy,Herring,17,118.7,M,False
Billy,Wade,1,139.4,M,False
Anthony,Garza,109,236.8,M,False
Harold,Atkinson,2,106.6,F,False
Bruce,Summers,75,179.8,M,False
Anthony,Dougherty,94,160.9,M,False
Frank,Ray,11,244.2,M,False
David,Michael,65,260.0,M,False
Brian,Johnston,82,245.3,F,False
Stephen,Baxter,10,190.3,F,False
Michael,Bernard,45,271.6,F,False
Richard,Reyna,59,165.4,F,False
Alexander,Roberson,107,177.5,F,False
Frank,Schneider,11,186.0,M,False
Bryan,Choi,65,180.2,F,False
Nicholas,Farmer,14,242.5,M,False
Jesse,Leal,20,104.2,F,False
Juan,Mitchell,110,155.5,M,False
Dylan,Weaver,83,124.3,F,False
Charles,Nuñez,18,81.1,F,False
Randy,Barton,78,190.5,F,True
Robert,Sloan,40,226.5,M,False
Justin,Schaefer,29,139.7,M,False
Joseph,Shelton,86,155.8,M,False
Charles,Davila,47,254.3,M,False
Joe,Terry,39,236.2,F,False
Douglas,Kennedy,3,106.9,F,True
Robert,Ortiz,89,147.8,M,False
Vincent,Guerrero,63,231.4,F,True
Jeremy,Weber,103,245.9,F,False
Jacob,Felix,61,96.8,M,False
Juan,Parra,22,158.7,F,True
Joshua,Lam,7,221.8,M,False
Gabriel,Hail,50,91.2,F,False
Alexander,Collins,88,210.1,M,False
Wayne,Compton,54,80.9,F,True
Donald,Murphy,32,101.6,M,False
Raymond,Dean,110,90.0,M,False
Gary,Nelson,46,141.0,M,False
Bobby,Salazar,105,207.4,M,False
Jeremy,Lara,14,217.1,M,False
Timothy,Blevins,23,126.7,F,False
David,Delarosa,53,92.2,F,False
Christian,Liu,102,160.7,F,False
Nathan,Riley,51,172.6,M,True
Jonathan,Woods,110,185.2,F,True
Jacob,Woodward,49,172.5,F,False
Peter,Frederick,90,88.5,F,False
Ronald,Benitez,61,261.9,F,False
Vincent,Lopez,89,138.0,F,False
Terry,Pace,64,279.5,F,False
Stephen,Sampson,3,111.9,F,True
Austin,Mueller,6,260.1,F,False
Jason,House,51,141.7,F,False
Philip,Bailey,42,265.1,F,False
Bruce,Lyons,43,91.4,M,False
Tyler,Banks,74,153.7,M,False
Lawrence,Dunn,59,190.9,F,False
Wayne,Cummings,37,188.4,M,False
Gerald,Jacobs,7,218.3,M,False
Charles,Hayden,50,214.6,M,False
Kyle,Fitzpatrick,60,257.4,F,False
Logan,Phelps,40,177.5,F,True
Bruce,Parra,87,182.5,M,False
Tyler,Caldwell,93,116.1,M,False
Douglas,Sexton,21,183.6,F,False
Nicholas,Benson,79,82.8,F,False
Philip,Suarez,80,178.6,M,False
Kyle,Atkinson,40,145.0,M,False
Billy,Grant,2,225.8,M,False
Elijah,Ávila,18,152.2,F,False
Bruce,Esparza,109,213.5,F,True
Peter,Yu,2,192.4,F,False
Jordan,Sosa,11,174.1,M,False
Bradley,Schneider,15,108.2,F,False
Ethan,Middleton,88,235.2,F,False
Daniel,King,27,230.7,F,True
Walter,Yates,36,254.2,M,False
Roger,Santos,60,153.8,F,False
Logan,Ashley,104,176.6,M,False
Noah,Williams,84,178.0,F,True
Michael,Bowman,97,268.6,M,False
Lawrence,Dominguez,88,243.4,F,False
Richard,Molina,21,101.9,M,True
Gabriel,Villarreal,3,248.9,F,False
Charles,Navarro,64,245.4,F,False
Joe,Patton,54,253.8,F,True
Ethan,Ware,110,236.0,F,True
Jerry,Donaldson,14,136.9,M,False
Austin,Jacobs,110,211.4,M,False
Raymond,Miller,7,164.8,F,False
Douglas,Nicholson,92,194.1,F,False
Alan,Barker,36,161.2,M,False
Kyle,Velez,91,164.3,F,False
Timothy,Warren,94,140.9,F,False
Elijah,Winters,79,93.1,F,False
Logan,Moses,103,255.8,M,True
Charles,Dougherty,94,252.4,M,True
Aaron,Espinosa,62,189.7,M,True
Arthur,Matthews,20,123.8,F,False
Adam,Spencer,18,166.6,F,False
Jonathan,Velasquez,33,109.8,F,True
Michael,Whitney,65,145.9,F,False
Douglas,Perkins,4,96.6,M,False
Dennis,Nelson,46,262.6,F,True
Terry,Garza,65,261.6,F,False
Eugene,Blackwell,33,255.7,F,False
Walter,Ramos,77,190.8,F,False
Harold,Clark,8,87.0,F,False
Albert,Allison,94,98.1,M,False
Dylan,Copeland,36,119.8,F,False
Mark,Mcpherson,92,274.0,M,False
Alexander,Enriquez,74,238.9,M,False
Austin,Mack,77,253.1,F,False
William,Waters,82,130.2,F,False
Jerry,Wise,54,226.2,M,False
Richard,Good,72,195.4,M,True
Ralph,Beltran,95,89.8,M,False
Vincent,Snyder,104,100.3,F,True
Daniel,Avery,84,176.9,M,False
Anthony,Stein,46,151.8,F,False
Jack,Cruz,32,259.4,F,False
Keith,Haynes,42,229.2,F,False
Willie,Xiong,5,204.8,M,False
Elijah,Mosley,85,187.8,F,True
Alan,Valdez,100,109.1,M,False
Logan,Melendez,72,189.7,M,True
Tyler,Holloway,99,191.1,F,False
Jesse,Daniel,63,101.9,F,False
Walter,Deleon,110,102.8,M,False
Carl,Tucker,12,235.6,F,False
Joe,Burch,67,262.7,M,False
Billy,Cisneros,51,93.8,F,False
Bradley,Graham,50,91.9,F,False
Elijah,Mercado,12,106.2,M,False
Anthony,Hayes,18,81.8,F,False
Randy,Aguilar,101,80.0,F,False
Gary,Fuller,74,104.7,M,False
George,Gaines,19,142.5,F,False
Peter,Moreno,85,220.1,F,False
Joseph,Delacruz,20,253.6,F,False
